"ensembl_gene_id","baseMean","log2FoldChange","lfcSE","stat","pvalue","padj","102-FF-Tumor","107-L4t2-Tumor","116-R4-Tumor","157-R2-Tumor","158-L2-Tumor","167-L2-Tumor","external_gene_name"
"ENSRNOG00000065111",215.30251695336,-4.07073741695597,0.432670874981229,-9.4083925041929,5.03782359631681e-21,8.13759645513054e-17,307.593744551381,352.947894105595,559.060492260507,33.900098580754,19.9107070937968,18.4021651281267,NA
"ENSRNOG00000043128",123.860390892268,-3.34563966625261,0.359674741132348,-9.30184770751395,1.38025870028909e-20,1.11476593928849e-16,202.632845936692,255.476818698527,218.566460625271,19.371484903288,26.5476094583957,20.5671257314357,"Armcx4"
"ENSRNOG00000003242",147.332094289655,-3.49417809787296,0.439091550079056,-7.95774388562897,1.75204541924659e-15,9.43359655236339e-12,256.571085502574,339.609746944628,214.953791854605,16.1429040860733,19.9107070937968,36.8043302562533,"Gulp1"
"ENSRNOG00000015716",646.141710202639,5.94874668533378,0.789314444244234,7.53659929665887,4.82385685555775e-14,1.94799399469561e-10,21.8668538780603,8.20809056059524,31.6108517433243,2800.79385893372,269.624158561831,744.746447538302,"Gp2"
"ENSRNOG00000067598",698.61062181368,-2.8378933194033,0.397984289879294,-7.13066669104957,9.98839289845818e-13,3.2268502097759e-09,1102.08943545424,1827.32616105252,747.822435527787,173.536218925288,160.115269545949,180.774210376303,NA
"ENSRNOG00000017073",183.369465129884,3.14849817952848,0.449134597698042,7.0101439427413,2.38073064110736e-12,5.49370600654387e-09,16.0356928439109,54.3785999639435,39.739356477322,362.408196732346,320.230539091898,307.424405669881,"Car9"
"ENSRNOG00000067468",257.197822193486,4.11418665121161,0.586010259704622,7.02067341497632,2.20801419181869e-12,5.49370600654387e-09,14.5779025853735,31.8063509223066,37.0298548993228,855.573916561886,223.165842009639,381.033066182387,"RGD1562811"
"ENSRNOG00000034190",75.903426956952,-2.9382087296628,0.422110847932902,-6.96075152783056,3.38462274083812e-12,6.83397639159477e-09,103.503108356152,148.771641410789,150.82892117529,17.7571944946807,21.5699326849465,12.9897636198541,"Ighm"
"ENSRNOG00000005854",278.701074405439,-2.80882951535312,0.407165804451247,-6.89849069997095,5.25579301438700e-12,9.43298050682148e-09,690.992582546704,470.939195914152,301.657842350581,79.1002300217593,58.0728956902406,71.4436999091976,"Angpt1"
"ENSRNOG00000016456",1613.34003810456,-2.67370982301161,0.392777983328259,-6.80717844812879,9.95314457495654e-12,1.60773144319273e-08,2568.62643554281,2969.27676029533,2829.62281462386,247.793577721226,434.71710488123,630.003535562924,"Il33"
"ENSRNOG00000061895",64.3454560206226,-3.13614876135819,0.485069318839125,-6.46536204116901,1.01056564178801e-10,1.4839697101638e-07,119.538801200063,153.901698011161,73.1565426059791,11.3000328602513,14.1034175247727,14.0722439215086,"Ly49si1"
"ENSRNOG00000012580",503.364628690124,-3.66534369257541,0.569404230747854,-6.43715570529105,1.21733041215027e-10,1.63862817895527e-07,1698.32565119601,357.051939385893,744.209766757121,51.6572930754347,92.0870203088101,76.8561014174702,"Ccdc141"
"ENSRNOG00000000563",59.2069700147529,-4.02645529926198,0.630072839052279,-6.39046003842723,1.65387423571408e-10,2.05500234842228e-07,109.334269390301,136.459505569896,89.4135520739745,13.7214684731623,4.14806397787433,2.16496060330902,"Adamts14"
"ENSRNOG00000000767",44.122356565329,-3.89555916826183,0.618162234665923,-6.30183946835111,2.94133728264148e-10,3.39367293760771e-07,77.2628837024796,62.5866905245387,108.380063119969,9.685742451644,2.4888383867246,4.32992120661804,"AC112568.1"
"ENSRNOG00000015071",87.1480836401999,-4.25922622108877,0.688497734018613,-6.18626033266454,6.16082341770086e-10,6.63438537774147e-07,74.3473031854049,330.375645063959,92.1230536519737,10.4928876559477,5.80728956902406,9.74232271489058,"Zim1"
"ENSRNOG00000008168",44.4062950883158,-3.50472015373105,0.567698451842225,-6.17355947045121,6.67694183184191e-10,6.7407900881089e-07,81.6362544780917,49.2485433635715,113.799066275968,6.45716163442933,6.63690236459893,8.65984241323607,"Wnt5b"
"ENSRNOG00000005906",257.688659159174,-5.26858048689055,0.864033973369386,-6.09765431600473,1.07636194736097e-09,9.38420737982863e-07,1121.04070881522,341.661769584777,44.255192440654,10.4928876559477,12.444191933623,16.2372045248176,"Cd36-ps1"
"ENSRNOG00000014034",183.203995211856,3.17842329215819,0.521598095069464,6.09362519189205,1.10381935378409e-09,9.38420737982863e-07,24.782434395135,35.9103962026042,47.8678612113197,405.994037764744,145.182239225602,439.487002471731,"Olfml2a"
"ENSRNOG00000018969",184.50871487383,-2.19507522910258,0.35940884863869,-6.10746017360654,1.012290608227e-09,9.38420737982863e-07,288.642471190396,393.988346908572,225.791798166602,68.6073423658116,56.4136700990909,73.6086605125066,"Gpatch4"
"ENSRNOG00000016794",180.68110672962,-1.67394872102934,0.27560902724197,-6.07363531514408,1.25046533935942e-09,9.61846029841556e-07,263.860036795261,292.413226221205,269.14382341459,88.7859724734033,85.4501179442112,84.4334635290517,"Phyhd1"
"ENSRNOG00000017766",829.860921798384,4.44629785599584,0.731390185043527,6.0792418970337,1.20752079093588e-09,9.61846029841556e-07,67.0583518927182,40.0144414829018,111.089564697968,1556.98309910177,2940.9773603129,263.042713302046,"Car12"
"ENSRNOG00000001480",181.401238892323,-2.61628905024255,0.433969022846324,-6.02874609132878,1.65236646027088e-09,1.21321251967071e-06,231.788651107439,485.303354395194,218.566460625271,54.0787286883456,45.6287037566176,53.041534781071,"Ncf1"
"ENSRNOG00000027992",78.5053892673019,4.98605788025865,0.848262199971459,5.87796777980489,4.1533373216113e-09,2.91690685895597e-06,2.9155805170747,2.05202264014881,9.03167192666409,283.307966710587,37.332575800869,136.392518008468,"Dscam"
"ENSRNOG00000033528",95.7360669047396,3.164541149236,0.542916607539702,5.82877942079638,5.58342463725213e-09,3.7578774235639e-06,32.0713856878217,11.2861245208185,15.353842275329,192.907703828576,98.723922673409,224.073422442483,"Tll1"
"ENSRNOG00000007955",89.0973647146793,-4.43779882677016,0.770868610927191,-5.7568809572262,8.56822876611847e-09,5.53610397036446e-06,311.967115326993,168.265856492202,30.7076845506579,7.264306838733,6.63690236459893,9.74232271489058,"Timp4"
"ENSRNOG00000071023",390.171135809793,-2.27788371860248,0.396721625340687,-5.74176846711175,9.36928707403973e-09,5.82084977334476e-06,763.882095473572,570.462293961369,606.02518627916,75.064504000241,153.47836718135,172.114367963067,"Zfp347"
"ENSRNOG00000010906",241.769960990576,-5.5098253763966,0.963606194581322,-5.71792232903875,1.07834409556875e-08,6.45129339841559e-06,167.645879731795,1215.82341428817,36.1266877066564,12.9143232688587,11.6145791380481,6.49488180992706,NA
"ENSRNOG00000014705",71.9869803869086,-2.94735866093007,0.516206361973713,-5.70965194938873,1.1320744586389e-08,6.53085668942646e-06,109.334269390301,199.046196094435,74.0597097986455,18.5643396989843,15.7626431159224,15.1547242231631,"Rbm20"
"ENSRNOG00000014333",112.329863515094,-3.5397543951527,0.627037269261472,-5.64520574561995,1.64983825276877e-08,9.18959906792204e-06,397.976740580697,88.2369735263989,134.571911707295,22.6000657205027,13.2738047291979,17.3196848264721,"Vcam1"
"ENSRNOG00000056092",196.868236163862,-3.72708408397133,0.675886168303884,-5.514366558683,3.50038371326577e-08,1.8847232706794e-05,290.100261448933,621.76285996509,186.955608881947,45.2001314410053,30.69567343627,6.49488180992706,"Hephl1"
"ENSRNOG00000005825",1740.2399046656,-2.60247974597459,0.475542620701093,-5.4726529919395,4.43347718526373e-08,2.29277526561337e-05,2695.45418803556,4530.86598944857,1739.5000130755,720.780667443174,446.331684019278,308.506885971535,"Lyz2"
"ENSRNOG00000018822",30.4529935422217,3.63978026847959,0.665606956828135,5.46836271938098,4.54211654179582e-08,2.29277526561337e-05,1.45779025853735,5.13005660037203,6.32217034866486,38.742969806576,67.1986364415641,63.866337797616,"Slc5a5"
"ENSRNOG00000063513",69.8592452517571,-2.2814109428562,0.417641890276341,-5.46260084529992,4.69208823366023e-08,2.29670609813072e-05,88.9252057707784,126.199392369152,132.765577321962,29.057227354932,24.888383867246,17.3196848264721,""
"ENSRNOG00000042165",148.761573676537,2.08238695571707,0.384097839265837,5.42150135417926,5.91005493309281e-08,2.80779756865436e-05,37.9025467219711,56.4306226040923,74.962876991312,290.57227354932,214.040101258315,218.661020934211,"Pou2af3"
"ENSRNOG00000001926",67.8321319761586,-2.64250029017157,0.492348114532601,-5.36713803135036,7.99958360857271e-08,3.69192211512214e-05,161.814718697646,63.6127018446131,125.540239780631,19.371484903288,18.251481502647,18.4021651281267,"Cldn1"
"ENSRNOG00000013399",138.095897871108,4.31373638990707,0.807336525274776,5.34317010919195,9.13349753107603e-08,3.94884378603064e-05,2.9155805170747,5.13005660037203,30.7076845506579,369.672503571079,95.4054714911096,324.744090496353,"Minar1"
"ENSRNOG00000025645",199.169017376528,-5.62794417623312,1.05390292936451,-5.34009728925099,9.28967150802726e-08,3.94884378603064e-05,1075.84921080057,28.7283169620833,66.8343722573143,11.3000328602513,5.80728956902406,6.49488180992706,"Abca13"
"ENSRNOG00000031974",152.515661019912,3.95175681111927,0.739008249572245,5.34737848110172,8.9237285268503e-08,3.94884378603064e-05,17.4934831024482,6.15606792044643,31.6108517433243,226.000657205027,90.4277947176604,543.405111430564,"Pcdh10"
"ENSRNOG00000060246",83.4758921838484,-5.18547869920011,0.977337745485758,-5.30571823625088,1.12230203947808e-07,4.64834483171524e-05,69.9739324097929,393.988346908572,23.4823470093266,1.61429040860733,7.46651516017379,4.32992120661804,"Klrd1"
"ENSRNOG00000026065",95.0160166336919,-4.69305790083742,0.88808587660804,-5.284464064176,1.26073293083196e-07,5.09115475793218e-05,298.847003000157,14.3641584810417,235.726637285933,9.685742451644,4.9776767734492,6.49488180992706,"Slit1"
"ENSRNOG00000019077",546.315111601554,-1.91286331696008,0.364812244370495,-5.24341862554761,1.57628345320667e-07,6.21017234625544e-05,1064.18688873227,742.832195733869,783.949123234443,226.000657205027,306.127121567125,154.794683136595,"Lipa"
"ENSRNOG00000005751",21.0342997842305,-3.92187388043691,0.750692619364663,-5.22434053468666,1.74776872820419e-07,6.72183530159103e-05,29.155805170747,37.962418842753,51.4805299819853,4.03572602151833,2.4888383867246,1.08248030165451,"Il36rn"
"ENSRNOG00000006557",264.092801918854,-3.76042321681723,0.722097083651696,-5.20764216052571,1.91255301029608e-07,7.1845276221657e-05,225.957490073289,1114.2482936008,135.475078899961,45.2001314410053,29.0364478451203,34.6393696529443,"Cyfip2"
"ENSRNOG00000038746",347.420167624338,3.34014454422243,0.643218358459125,5.19286257970618,2.07085040499251e-07,7.60237422541911e-05,34.9869662048964,59.5086565643155,92.1230536519737,1124.35326959501,182.51481502647,591.034244703362,"Rps13"
"ENSRNOG00000009388",76.0740809068614,5.30931579982714,1.02520052251344,5.17880715356108,2.23309163714486e-07,8.01580649217797e-05,1.45779025853735,3.07803396022322,6.32217034866486,79.1002300217593,15.7626431159224,350.723617736061,"Sptssb"
"ENSRNOG00000011726",76.3854208872361,2.37300524494233,0.460673698507375,5.15116285698768,2.58876262897815e-07,9.09049624910521e-05,36.4447564634338,13.3381471609673,25.2886813946595,110.578892989602,146.011852021176,126.650195293578,"Grin1"
"ENSRNOG00000032550",19.574208758735,7.58472157620135,1.4811618903119,5.12079174181573,3.04255512045786e-07,0.000104566793320757,0,0,0,37.1286793979687,9.95535354689839,70.3612196075431,NA
"ENSRNOG00000051169",44.562936608949,-4.88048963113741,0.954504461195006,-5.11311348406607,3.16891787866942e-07,0.000106640688529473,81.6362544780917,166.213833852054,10.8380063119969,4.03572602151833,2.4888383867246,2.16496060330902,"Clnk"
"ENSRNOG00000020369",4652.34975125125,-6.93347359898171,1.36131602052666,-5.09321384192578,3.52044241449662e-07,0.000116052461880335,393.603369805085,24676.5982591095,2617.37852434725,77.485939613152,72.1763132150133,76.8561014174702,"Igf2"
"ENSRNOG00000006144",59.8130872104635,4.99575010640665,0.996115982065363,5.01522934713725,5.29702417792321e-07,0.000165750068062696,4.37337077561205,2.05202264014881,4.51583596333205,65.378761548597,14.1034175247727,268.455114810318,"Cntn3"
"ENSRNOG00000006732",69.054076706388,-3.55977235977893,0.71042610729068,-5.01075667581344,5.42164314102596e-07,0.000165750068062696,263.860036795261,53.3525886438691,65.0280378719815,13.7214684731623,10.7849663424733,7.57736211158156,"Spo11"
"ENSRNOG00000014064",691.848521943959,-1.70220038746521,0.33910154963565,-5.01973638661971,5.17424369072374e-07,0.000165750068062696,1084.59595235179,893.655859784807,1196.69653028299,382.586826839938,219.017778031765,374.53818437246,"Ctsh"
"ENSRNOG00000037199",17.3944144215318,-3.95771834138295,0.789938432697401,-5.0101605106977,5.43846567654484e-07,0.000165750068062696,24.782434395135,36.9364075226786,36.1266877066564,1.61429040860733,1.65922559114973,3.24744090496353,"Spink8"
"ENSRNOG00000018870",27.3976344965001,-2.82170996538711,0.564577734398959,-4.99791223327476,5.79543500658677e-07,0.000173358632706289,45.1914980146579,41.0404528029762,57.8027003306502,8.87859724734033,4.9776767734492,6.49488180992706,"Hapln2"
"ENSRNOG00000004517",162.204047520204,-2.74891019567563,0.55175978824816,-4.98207780672715,6.2905129852527e-07,0.000184746647728704,422.759174975832,325.245588463587,99.348391193305,34.7072437850577,48.9471549389171,42.2167317645259,"Igf1"
"ENSRNOG00000017093",86.7089911726785,-1.65185051737946,0.333511065859772,-4.95291067215742,7.31115424578489e-07,0.000210887633093149,137.032284302511,123.121358408929,134.571911707295,37.9358246022723,46.4583165521925,41.1342514628713,"Pxdc1"
"ENSRNOG00000063932",294.504301950923,1.57462370684579,0.318640884537547,4.94168759646486,7.74492454385821e-07,0.000219480291503406,163.272508956183,123.121358408929,158.054258716622,347.87958305488,527.633737985615,447.064364583312,NA
"ENSRNOG00000033215",310.109874951575,-2.71602393969617,0.552374322131759,-4.91699890975075,8.78810408631315e-07,0.000244748698803821,371.736515927025,999.335025752471,243.85514201993,102.507440946566,66.3690236459893,76.8561014174702,"RT1-Db1"
"ENSRNOG00000010362",1534.17413679196,1.52523609335142,0.312444579567769,4.88162123171221,1.05217206533743e-06,0.000288063311379586,667.667938410107,676.141459929033,1028.70743244704,2410.13558005075,2512.89715779627,1909.49525211855,"Anxa2"
"ENSRNOG00000001006",105.692652549921,4.3241872747252,0.895576445260708,4.82838433012427,1.37645247926688e-06,0.000369411714804792,4.37337077561205,7.18207924052084,18.0633438533282,95.2431341078326,37.332575800869,471.961411521366,"Nptx2"
"ENSRNOG00000066973",390.431937737298,-1.91703402698436,0.397254157725772,-4.82571167526385,1.39504207287144e-06,0.000369411714804792,845.518349951664,611.502746764346,395.587230387887,129.95037789289,207.403198893716,152.629722533286,"Kctd12"
"ENSRNOG00000012037",570.675836786266,1.61409910334794,0.334749793862697,4.82180760956643,1.42263124275561e-06,0.000370641330068249,247.82434395135,306.777384702247,288.110334460585,670.737664776347,1164.77636498711,745.828927839957,"Galnt7"
"ENSRNOG00000012881",246.698582004888,-3.24782147278658,0.674049578979886,-4.81837178461244,1.44734487132226e-06,0.000371094630261403,956.310409600502,257.528841338676,125.540239780631,50.0430026668273,43.139865369893,47.6291332727984,"Fgl2"
"ENSRNOG00000013593",94.4878274500022,4.86172368666087,1.00972725377986,4.81488804868963,1.47282436128739e-06,0.000371727061060549,2.9155805170747,1.02601132007441,14.4506750826625,254.250739355655,18.251481502647,276.0324769219,"Upk3a"
"ENSRNOG00000025691",74.3862926645262,-2.86755786995616,0.598898083408853,-4.78805651478192,1.68404229304125e-06,0.000418497463992236,223.041909556215,92.3410188066965,77.6723785693112,16.1429040860733,27.3772222539706,9.74232271489058,"Pla2g7"
"ENSRNOG00000071219",252.975596923851,-1.776172210793,0.372144015404694,-4.77280874411341,1.81674298153043e-06,0.000444634081525167,320.713856878217,549.942067559881,304.36734392858,133.986103914409,110.338501811457,98.5057074505603,"Cd4"
"ENSRNOG00000054251",93.8003412757145,-2.38568026722902,0.501253406967925,-4.75942953018508,1.94140891836566e-06,0.000468053406841201,240.535392658663,150.823664050938,81.2850473399768,34.7072437850577,24.0587710716711,31.3919287479808,"Clec7a"
"ENSRNOG00000019728",124.30139486328,-3.00996547590251,0.637515896542442,-4.72139674042171,2.34230538433145e-06,0.000556400865780968,338.207339980665,260.606875298899,65.0280378719815,41.164405419487,22.3995454805214,18.4021651281267,"Itgad"
"ENSRNOG00000004084",436.149138657332,2.25980326682926,0.482176725092784,4.68667015479524,2.77685961489905e-06,0.000650066860282092,125.369962234212,161.083777251682,165.279596257953,527.872963614598,1241.10074218,396.18779040555,"Lratd1"
"ENSRNOG00000007200",63.1388023880219,-4.1070885916213,0.876944495747952,-4.68340768604555,2.82144552299908e-06,0.000651068707614345,55.3960298244193,279.075079060238,23.4823470093266,8.07145204303666,4.14806397787433,8.65984241323607,"Ikzf3"
"ENSRNOG00000056783",28.4484896576618,-3.52922422381889,0.754815881791639,-4.67560938893057,2.93081999009992e-06,0.000666782187325126,34.9869662048964,90.2889961665477,31.6108517433243,5.65001643012566,1.65922559114973,6.49488180992706,"Cd69"
"ENSRNOG00000056376",487.653189843186,-1.70828585300188,0.365860159699982,-4.66923169334078,3.0232826136146e-06,0.000678265056357176,986.924005029787,729.494048572902,523.836971746517,180.800525764021,222.336229214064,282.527358731827,"Dusp22"
"ENSRNOG00000003622",276.253160493347,-1.8469083300827,0.395840543677783,-4.6657886858252,3.07435526490857e-06,0.000680274802658468,610.81411832715,418.612618590357,268.240656221923,125.107506667068,131.908434496404,102.835628657178,"Cybb"
"ENSRNOG00000022957",35.9377564809563,-5.94809158799625,1.27888451614337,-4.65099976808966,3.30329700310296e-06,0.000721056168798947,91.8407862878531,3.07803396022322,117.411735046633,0.807145204303666,2.4888383867246,0,"Ctxn3"
"ENSRNOG00000003840",228.256630456484,-2.95714503497912,0.637217913552518,-4.64071234045024,3.47210184476697e-06,0.000747798147980278,173.477040765945,782.846637216771,256.49948271726,49.2358574625237,27.3772222539706,80.1035423224337,"Slit2"
"ENSRNOG00000021011",40.4722928007814,2.59963845526921,0.560644519467287,4.63687481996494,3.53716479762539e-06,0.000751787144421618,14.5779025853735,9.23410188066965,10.8380063119969,48.42871225822,54.7544445079411,105.000589260487,"Fut2"
"ENSRNOG00000018267",39.6536372187458,-2.77790460906554,0.602652621865337,-4.60946241379875,4.0371150810067e-06,0.000846902855889627,72.8895129268676,95.4190527669197,39.739356477322,15.3357588817697,9.12574075132352,5.41240150827255,"B3gnt7"
"ENSRNOG00000008409",189.319462878063,-2.17769071179332,0.473462369893582,-4.59950114363428,4.23503867937624e-06,0.000855107247349556,287.184680931858,485.303354395194,158.054258716622,77.485939613152,70.5170876238636,57.371455987689,"Myo1f"
"ENSRNOG00000010259",62.2764453335118,-4.25104957220065,0.923472890291031,-4.60332903856109,4.1579052997775e-06,0.000855107247349556,23.3246441365976,267.78895453942,64.1248706793151,12.107178064555,4.14806397787433,2.16496060330902,"Esrrb"
"ENSRNOG00000058249",808.951769615339,1.53354780864783,0.333394840335904,4.59979466719624,4.22907587151904e-06,0.000855107247349556,360.074193858726,332.427667704107,552.738321911842,1385.8683157894,986.409613938515,1236.19250448945,"Pgk1"
"ENSRNOG00000001224",182.106816018329,-2.51196627380688,0.547107133565654,-4.59136084999601,4.40365198828202e-06,0.000857760749857347,406.723482131921,389.884301628274,133.668744514629,75.064504000241,58.0728956902406,29.2269681446717,"Itgb2"
"ENSRNOG00000012782",1466.86022599467,-1.61232367662875,0.351178556032483,-4.59117918486918,4.40748729264903e-06,0.000857760749857347,2454.9187953769,1970.96774586293,2205.53428449137,725.623538668996,472.049680682099,972.067310885749,"Cemip2"
"ENSRNOG00000017084",406.136112242735,-4.46198622688479,0.971399861093452,-4.59335687145577,4.36172211593814e-06,0.000857760749857347,37.9025467219711,2036.63247034769,256.49948271726,37.1286793979687,34.0141246185695,34.6393696529443,"Hsd11b2"
"ENSRNOG00000011406",46.0025774857729,-3.58159708885034,0.780583409119621,-4.588359228503,4.46743403739323e-06,0.000859076928643011,78.720673961017,158.005743291458,18.0633438533282,7.264306838733,7.46651516017379,6.49488180992706,"Ccl4"
"ENSRNOG00000011054",327.976579009213,-2.26761661846128,0.495935126555459,-4.5724057382487,4.82156148093233e-06,0.000911000337751542,479.612995058788,906.994006945774,242.951974827264,121.878925849854,110.338501811457,106.083069562142,"Laptm5"
"ENSRNOG00000036826",6998.06312928229,-5.8544479529669,1.28073487077703,-4.57116307719098,4.85024633483765e-06,0.000911000337751542,30919.7313835772,9645.53242001948,709.889413435798,279.272240689069,348.437374141444,85.5159438307062,"Glycam1"
"ENSRNOG00000002794",12.4337020023628,-6.2500436696783,1.36916256116231,-4.56486603341866,4.99813412637188e-06,0.000927986902796379,29.155805170747,25.6502830018601,18.9665110459946,0,0.829612795574866,0,"Selp"
"ENSRNOG00000013967",131.989639187862,-1.91584599023484,0.419955493374978,-4.5620215009884,5.06634575698012e-06,0.000929962306960225,287.184680931858,129.277426329375,209.534788698607,46.8144218496126,53.0952189167914,66.0312984009251,"Blnk"
"ENSRNOG00000016997",84.6222225176059,-4.88943019716325,1.07506146273199,-4.54804712722007,5.41460121756456e-06,0.000982719701880004,365.905354892875,6.15606792044643,119.218069431966,2.421435612911,10.7849663424733,3.24744090496353,"Bnip5"
"ENSRNOG00000000728",131.420103727731,-2.17911396420015,0.481571741895456,-4.52500380446578,6.03944192657625e-06,0.00108116598287567,316.340486102605,215.462377215625,114.702233468634,46.8144218496126,60.5617340769652,34.6393696529443,"Clic2"
"ENSRNOG00000031671",16.5729483722661,-3.87479318227997,0.856646837140287,-4.52320958215996,6.09088741668333e-06,0.00108116598287567,20.4090636195229,47.1965207234226,25.2886813946595,0.807145204303666,2.4888383867246,3.24744090496353,"Rasgef1a"
"ENSRNOG00000052467",38.4382663667858,-3.74359093423675,0.829358588324782,-4.51383875073678,6.36646294791179e-06,0.00111779865214803,40.8181272390458,153.901698011161,19.869678238661,5.65001643012566,4.9776767734492,5.41240150827255,"Klrc2"
"ENSRNOG00000015290",981.628343059654,1.33650489572923,0.297861611838925,4.48699947427925,7.22332528188331e-06,0.00125460616428238,489.81752686855,455.549026113036,724.34008851846,1420.57555957445,1412.830590864,1386.65726641943,"Tpi1l1"
"ENSRNOG00000042714",13.6829899276443,7.07142398028922,1.57814830109646,4.48083616436819,7.43511711984456e-06,0.00127765368975371,0,0,0,44.3929862367017,4.14806397787433,33.5568893512898,"Ugt2b34l1"
"ENSRNOG00000017874",186.593630718885,-1.93639474391628,0.433206746095274,-4.46990902466328,7.82528750153125e-06,0.00133054598960247,301.762583517232,419.638629910432,166.182763450619,82.328810838974,63.0505724636898,86.5984241323607,"Cd53"
"ENSRNOG00000030021",108.613774625811,-2.77222168242759,0.620719574919168,-4.46614186895684,7.96428069776639e-06,0.00134007318865646,376.109886702637,114.913267848333,77.6723785693112,26.635791742021,28.2068350495454,28.1444878430172,"Ccl6"
"ENSRNOG00000002238",76.7288059949205,-3.20852401409871,0.722625462164002,-4.4400926650029,8.99201508818095e-06,0.00149740226514832,46.6492882731952,273.945022459866,94.832555229973,23.4072109248063,7.46651516017379,14.0722439215086,"Sema5b"
"ENSRNOG00000002664",388.762062519744,2.65745872168667,0.599934920845537,4.42957832483112,9.44175179490381e-06,0.00154407975070536,90.3829960293158,81.054894285878,147.216252404625,598.90174159332,212.380875667166,1202.63561513816,"Emp2"
"ENSRNOG00000007740",144.640031288533,2.61405919325249,0.590492449916421,4.42691383035039,9.55908964715758e-06,0.00154407975070536,56.8538200829567,34.8843848825298,30.7076845506579,322.858081721467,80.472441170762,342.063775322825,NA
"ENSRNOG00000019996",505.793933101143,-1.86447911233628,0.421091254209049,-4.42773174151622,9.52292345909686e-06,0.00154407975070536,1202.67696329331,524.291784558021,654.796214683147,259.093610581477,234.780421147687,159.124604343213,"Slc16a1"
"ENSRNOG00000007284",1557.76821226048,1.99236159620712,0.451674376857898,4.41105738622393,1.02867048747292e-05,0.00164515984001487,682.24584099548,722.311969332381,473.259608957198,3682.19642203333,2570.97005348651,1215.62537875801,"Slc2a1"
"ENSRNOG00000024874",62.1057549769923,-1.84936193293055,0.420068036698431,-4.40252952227884,1.06996024907652e-05,0.0016944184218954,107.876479131764,103.627143327515,80.3818801473104,20.1786301075917,35.6733502097192,24.8970469380537,"Prtfdc1"
"ENSRNOG00000017783",1218.18050744161,1.89705247430712,0.43207784971137,4.39053396413252,1.13072651188386e-05,0.00177326459674368,604.982957293001,527.369818518244,415.456908626548,1811.23383845743,2911.94091246778,1038.09860928667,"Sfrp1"
"ENSRNOG00000022523",242.508053837861,-3.02079697230741,0.690066301632141,-4.37754599110642,1.20023039917016e-05,0.00185951923853815,857.180672019962,156.979731971384,281.78816411192,48.42871225822,87.9389563309358,22.7320863347447,"Fkbp5"
"ENSRNOG00000062686",432.61648540518,-2.64191553387006,0.603727931874623,-4.37600348499149,1.20875082056897e-05,0.00185951923853815,1231.83276846406,183.656026293319,821.882145326432,104.928876559477,131.078821700829,122.32027408696,"Gcnt1"
"ENSRNOG00000038957",45.9514174848358,-5.69466145174289,1.30395512575464,-4.36722195362911,1.25836835202274e-05,0.00191758716888899,2.9155805170747,251.372773418229,16.2570094679954,2.421435612911,1.65922559114973,1.08248030165451,"Ifgga4l"
"ENSRNOG00000064635",72.4320660174363,-2.94471285679203,0.675164620916288,-4.36147387698672,1.29189222787023e-05,0.00195027431371849,212.837377746453,127.225403689226,44.255192440654,9.685742451644,12.444191933623,28.1444878430172,"LOC124459649"
"ENSRNOG00000009550",245.535100680274,1.61741510096398,0.371014772142288,4.35943585648843,1.30398167459071e-05,0.00195029777682072,77.2628837024796,128.251415009301,155.344757138622,380.165391227027,424.761751334331,307.424405669881,"Sqle"
"ENSRNOG00000003895",79.2824869181581,-2.34606570362014,0.540192665459722,-4.34301658209957,1.40539521854053e-05,0.00208269256560415,212.837377746453,115.939279168408,68.6407066426471,20.9857753118953,21.5699326849465,35.7218499545988,"Rgs1"
"ENSRNOG00000027139",105.723562725306,4.59330323793102,1.05981082935344,4.33407841353465,1.46371999321288e-05,0.00214940627730615,2.9155805170747,1.02601132007441,20.7728454313274,117.036054624032,28.2068350495454,464.384049409784,"Krt20"
"ENSRNOG00000030149",577.70479392813,2.5875829184013,0.598229404912219,4.32540242447792,1.52253653011153e-05,0.00221563356494518,97.6719473220025,199.046196094435,196.890448001277,486.708558195111,530.952189167914,1954.95942478804,"Adgrl3"
"ENSRNOG00000013220",111.621219072786,-2.09929648764241,0.485884973270052,-4.32056269102942,1.55631832094059e-05,0.00224457230697798,217.210748522065,233.930580976964,92.1230536519737,54.8858738926493,31.5252862318449,40.0517711612168,"Arhgap45"
"ENSRNOG00000013009",2002.28638438024,1.45894089810715,0.338879086612719,4.30519602932733,1.66837932801755e-05,0.00238489657393517,905.287750551695,865.953554142798,1432.42316756892,2889.57983140713,3546.59470108255,2373.87930152834,"Ldhal1"
"ENSRNOG00000007970",86.9054124892681,-1.58184656002117,0.367939841872287,-4.29919889069865,1.71416592098211e-05,0.00242428550576971,153.067977146422,138.511528210045,99.348391193305,41.9715506237907,39.8214141875936,48.7116135744529,"Plxnc1"
"ENSRNOG00000008157",51.9460214589682,-3.54768519785864,0.82548844683802,-4.29768001169225,1.72595080272096e-05,0.00242428550576971,53.938239565882,211.358331935327,21.6760126239938,8.07145204303666,5.80728956902406,10.8248030165451,"Syn2"
"ENSRNOG00000004712",205.001559766888,-2.21317305813352,0.515219724875651,-4.2955906990317,1.7422878397576e-05,0.00242613581686246,150.152396629347,461.705094033482,399.199899158553,58.114454709864,54.7544445079411,106.083069562142,"Angptl1"
"ENSRNOG00000007041",59.3801918409894,-4.08027354435253,0.950640464095129,-4.29213114574958,1.76966369608878e-05,0.00244319467375402,102.045318097615,223.67046777622,10.8380063119969,4.03572602151833,12.444191933623,3.24744090496353,"Abcg2"
"ENSRNOG00000016538",707.141758866748,-2.61378243376455,0.609430400772859,-4.28889407297345,1.7956498003787e-05,0.00245806196826417,2370.36696038173,588.930497722709,688.213400811804,142.864701161749,316.082475114024,136.392518008468,"Itga8"
"ENSRNOG00000045821",58.3122387982197,-3.92460623133501,0.915859329749615,-4.285162692406,1.82605508129617e-05,0.00247867796035102,16.0356928439109,262.658897939048,49.6741955966525,8.87859724734033,8.29612795574866,4.32992120661804,"Slc41a3"
"ENSRNOG00000004874",101.590257978141,-3.28506484047731,0.767342000980803,-4.28109609050254,1.8597502717149e-05,0.00250337884491756,122.454381717137,43.092475443125,387.458725653889,17.7571944946807,29.0364478451203,9.74232271489058,"Flrt3"
"ENSRNOG00000060831",7788.80437241479,-2.77502276562205,0.649907864326203,-4.26987103548759,1.95586026665363e-05,0.00261099263531043,2991.38561051864,23169.3876299202,14615.0515117278,2977.55865867623,1589.53811632144,1389.90470732439,"Clca1"
"ENSRNOG00000011107",65.1606483662354,-4.50518560278064,1.05582983913952,-4.2669618112444,1.98153063298651e-05,0.00262357904218288,29.155805170747,333.453679024182,11.7411735046633,3.22858081721467,5.80728956902406,7.57736211158156,"Pcsk1"
"ENSRNOG00000016374",969.723321652433,2.02094688731116,0.474484275520223,4.25924944529594,2.05114471568072e-05,0.00269366996686104,230.330860848901,416.560595950209,502.160959122523,1652.22623320961,805.554024503195,2211.50725628016,"Fgfr2"
"ENSRNOG00000010375",33.680174223001,-4.14500728737731,0.976222056776223,-4.24596766545653,2.17652019645406e-05,0.00281258645866579,14.5779025853735,154.927709331235,21.6760126239938,2.421435612911,4.14806397787433,4.32992120661804,"Slc39a2"
"ENSRNOG00000053200",467.822236428411,-1.8948136840179,0.446238586709194,-4.246189685189,2.17436570853072e-05,0.00281258645866579,481.070785317326,1194.27717656661,536.481312443847,230.036383226545,151.8191415902,213.248619425938,"Dock10"
"ENSRNOG00000068418",88.6519566306776,-2.49250524072147,0.588526260007938,-4.23516401916858,2.28384943066572e-05,0.00292785871853519,59.7694006000314,263.684909259122,128.24974135863,33.0929533764503,26.5476094583957,20.5671257314357,"Gbp6"
"ENSRNOG00000046905",27.1809830884432,-2.6699064577141,0.630726816369555,-4.2330631715994,2.30529716734461e-05,0.00293208386961555,39.3603369805085,71.8207924052084,29.8045173579915,5.65001643012566,9.95535354689839,6.49488180992706,"Sgce"
"ENSRNOG00000009656",71.3928270871857,-3.78192081477928,0.896632480105896,-4.21791636895935,2.46570231541725e-05,0.00311160074226054,227.415280331827,12.3121358408929,159.860593101954,16.1429040860733,8.29612795574866,4.32992120661804,"Rspo1"
"ENSRNOG00000014718",625.574346689784,1.59258613706472,0.378891822877645,4.2032739713652,2.63081843386031e-05,0.00326889308939582,380.483257478249,282.153113020461,272.756492185256,590.02314434598,1252.71532131805,975.314751790713,"Acsl3"
"ENSRNOG00000064682",152.684354978611,-1.64672224174896,0.391652857532063,-4.20454545416959,2.61607363234845e-05,0.00326889308939582,214.295168004991,318.063509223066,161.666927487287,68.6073423658116,64.7097980548395,88.7633847356698,NA
"ENSRNOG00000059225",36.9595948449936,3.17203923087132,0.755316945673513,4.19961348549228,2.67370997363108e-05,0.00329682726748571,10.2045318097615,4.10404528029762,8.12850473399768,35.5143889893613,130.249208905254,33.5568893512898,"AABR07020987.1"
"ENSRNOG00000000451",929.997281815769,-2.68780205704598,0.640967159499491,-4.19335377360799,2.74860278908849e-05,0.00331590267208892,774.086627283333,3417.64370716784,638.539205215151,328.508098151592,170.070623092847,251.135429983846,"RT1-Ba"
"ENSRNOG00000029223",33.9269642221349,-3.98021992413672,0.949001253176494,-4.19411450808325,2.73939582105158e-05,0.00331590267208892,17.4934831024482,27.7023056420089,146.313085211958,2.421435612911,7.46651516017379,2.16496060330902,"Prss32"
"ENSRNOG00000065255",52.5188138184322,4.43055674082278,1.05661132277503,4.19317552757868,2.75076430421541e-05,0.00331590267208892,1.45779025853735,3.07803396022322,9.03167192666409,46.8144218496126,243.906161899011,10.8248030165451,"Gsg1l"
"ENSRNOG00000012176",34.1022930649029,2.64682921214526,0.632233183310143,4.18647625910337,2.83318552180331e-05,0.00336503277453595,4.37337077561205,12.3121358408929,10.8380063119969,57.3073095055603,33.1845118229946,86.5984241323607,"Rab27b"
"ENSRNOG00000028548",19.4633147253125,-4.65823759600238,1.11230235829153,-4.18792386915128,2.81517912052699e-05,0.00336503277453595,87.4674155122411,12.3121358408929,12.6443406973297,1.61429040860733,1.65922559114973,1.08248030165451,"Ccl9"
"ENSRNOG00000010378",34.7512022107642,-3.13045141539974,0.74826028754577,-4.18363966056163,2.86878710907989e-05,0.00338244658196843,93.2985765463905,70.794781085134,23.4823470093266,11.3000328602513,7.46651516017379,2.16496060330902,"Slc4a5"
"ENSRNOG00000018735",2839.03255531232,-2.62171803720746,0.628469960686088,-4.17158846278887,3.02483580307733e-05,0.00354059222660204,2097.76018203525,10341.1680950299,2214.56595641804,1074.31026692818,675.304815597941,631.086015864579,"Cd74"
"ENSRNOG00000002773",72.4368685252931,2.29244440711284,0.550366820070076,4.16530270996524,3.10939715964236e-05,0.00361338793666928,39.3603369805085,23.5982603617113,11.7411735046633,76.6787944088483,121.953080949505,161.289564946522,"Rgs4"
"ENSRNOG00000036711",81.9149132687809,-2.18737203523198,0.525555298393186,-4.16202070822913,3.15443736538952e-05,0.0036395447687955,137.032284302511,200.072207414509,65.9312050646479,36.321534193665,20.7403198893716,31.3919287479808,"Spn"
"ENSRNOG00000064037",19.399915112403,-3.1720645885445,0.764415057610756,-4.14966261713768,3.32965672701246e-05,0.00381446419230017,26.2402246536723,59.5086565643155,18.9665110459946,4.03572602151833,3.31845118229946,4.32992120661804,"Hpse2"
"ENSRNOG00000008283",182.361096347751,-1.59134712832928,0.384640599240114,-4.13723130494573,3.51521710633512e-05,0.00394314596657161,309.051534809918,328.32362242381,184.246107303947,104.928876559477,68.028249237139,99.5881877522148,"B4galt5"
"ENSRNOG00000009889",221.235955110725,1.30199708786604,0.314621766235447,4.13829311126458,3.49899186143546e-05,0.00394314596657161,119.538801200063,133.381471609673,130.056075743963,387.42969806576,306.9567343627,250.052949682192,"Pgm1"
"ENSRNOG00000019598",1446.80163055756,1.40121361392386,0.338585781833547,4.13843016778747,3.49690271885576e-05,0.00394314596657161,905.287750551695,748.988263654316,730.662258867125,2657.92915777197,2238.29532246099,1399.64703003928,"Vegfa"
"ENSRNOG00000011457",32.8048848454473,4.11911800621032,0.99673813022049,4.13259800274635,3.58685747661144e-05,0.00396839101504826,4.37337077561205,0,6.32217034866486,14.528613677466,115.316178584906,56.2889756860345,"Lrrc26"
"ENSRNOG00000053337",23.9176950763022,-4.26138609580505,1.03079146528535,-4.13409136505162,3.56361697240459e-05,0.00396839101504826,53.938239565882,77.9768603256548,4.51583596333205,2.421435612911,2.4888383867246,2.16496060330902,"Ly49s6"
"ENSRNOG00000013872",42.9973785216504,-2.39032555804673,0.578914040991556,-4.12898183286868,3.64373189283348e-05,0.00400389124251287,58.311610341494,104.653154647589,53.2868643673181,14.528613677466,6.63690236459893,20.5671257314357,"P2ry14"
"ENSRNOG00000004863",70.8749721934994,2.45335482274003,0.594935683318239,4.12373117217731,3.72783953596919e-05,0.00404581653153966,21.8668538780603,25.6502830018601,18.0633438533282,60.535890322775,80.472441170762,218.661020934211,"Mpped2"
"ENSRNOG00000010575",56.0893995287992,-1.82697517293655,0.443177481492606,-4.12244585799658,3.74870737036089e-05,0.00404581653153966,97.6719473220025,68.7427584449852,95.7357224226394,23.4072109248063,17.4218687070722,33.5568893512898,"Dapp1"
"ENSRNOG00000024818",740.295334219804,-1.41783099959693,0.343972158172837,-4.12193535409487,3.75702643305237e-05,0.00404581653153966,1228.91718794699,787.976693817143,1215.66304132899,521.415801980169,335.993182207821,351.806098037716,"Eva1b"
"ENSRNOG00000049517",374.13495477861,-2.1419514219615,0.521076630119999,-4.11062653389047,3.94586974533202e-05,0.00422103536399657,803.24243245408,234.956592297039,792.077627968441,179.993380559718,97.0646970822593,137.474998310123,"Tnfaip3"
"ENSRNOG00000054218",43.231499556527,-2.94060144288537,0.716589760681494,-4.10360516467439,4.06761425337307e-05,0.00432264296281153,87.4674155122411,122.095347088854,19.869678238661,7.264306838733,10.7849663424733,11.9072833181996,"Il18rap"
"ENSRNOG00000012109",89.5078610171621,-1.60445417280997,0.391533951064239,-4.09786729464676,4.16974206276198e-05,0.00434540926063189,122.454381717137,178.525969692947,102.961059963971,37.9358246022723,46.4583165521925,48.7116135744529,"Otulinl"
"ENSRNOG00000032708",779.466890604687,-2.56798312417725,0.626573005619392,-4.0984579628334,4.15911753770862e-05,0.00434540926063189,769.713256507721,2767.15253024067,465.131104223201,293.800854366535,188.322104595495,192.681493694503,"RT1-Bb"
"ENSRNOG00000048980",107.893027465628,-1.48085495974662,0.36132369245848,-4.09841643560861,4.15986366006739e-05,0.00434540926063189,122.454381717137,200.072207414509,153.53842275329,54.0787286883456,52.2656061212165,64.9488180992706,"Gng2"
"ENSRNOG00000006787",248.880612296051,1.95422308639498,0.478209604131339,4.08654085888717,4.37852405684439e-05,0.00453373712116714,51.0226590488073,92.3410188066965,161.666927487287,521.415801980169,330.185892638797,336.651373814552,"Dhcr24"
"ENSRNOG00000013920",223.788935452721,-1.39332552128414,0.341456647547478,-4.08053417993686,4.49323212347654e-05,0.00462287761086092,284.269100414783,346.791826185149,340.494031635236,96.0502793121363,109.508889015882,165.61948615314,"Arhgap26"
"ENSRNOG00000015061",209.41799895567,-5.92857159323628,1.45353696036016,-4.07872090969553,4.52841599497137e-05,0.00462798900481905,26.2402246536723,1114.2482936008,95.7357224226394,11.3000328602513,2.4888383867246,6.49488180992706,"Igfals"
"ENSRNOG00000019659",59.2906464623378,-2.17944036570238,0.534525829078009,-4.0773340541123,4.55550208485253e-05,0.00462798900481905,58.311610341494,146.71961877064,85.8008833033089,17.7571944946807,15.7626431159224,31.3919287479808,"Aspa"
"ENSRNOG00000063828",155.745533161592,1.70568464975633,0.419352608334929,4.06742349005263,4.75358084351768e-05,0.00479903696033382,103.503108356152,40.0144414829018,76.7692113766448,243.757851699707,257.179966628208,213.248619425938,"Pcdh7"
"ENSRNOG00000007539",82.354006077045,2.00653362235525,0.493691974422259,4.06434320651736,4.81679057075035e-05,0.00483264708629381,17.4934831024482,52.3265773237947,27.9981829726587,150.129008000482,147.671077612326,98.5057074505603,"Rsad2"
"ENSRNOG00000011329",2885.75931096958,1.50666134068912,0.370848423485442,4.06274166282997,4.84996950552183e-05,0.00483589860633915,1103.54722571277,1741.14121016627,1661.82763450619,4819.46401489719,5242.32325523758,2746.25252529749,"Pkm"
"ENSRNOG00000038916",64.8508137111057,-1.94731982459983,0.479748325434161,-4.05904454765434,4.927391380409e-05,0.0048829541698004,144.321235595198,66.6907358048364,98.4452240006386,23.4072109248063,35.6733502097192,20.5671257314357,"Dram1"
"ENSRNOG00000050251",43.6552535912469,-2.46214308141086,0.607010486174552,-4.05617882637837,4.98820739640857e-05,0.00491308012647486,77.2628837024796,110.809222568036,33.4171861286571,12.9143232688587,9.12574075132352,18.4021651281267,NA
"ENSRNOG00000000542",24.4768498105648,3.09730888181322,0.764145340435025,4.05329813311423,5.05005778388475e-05,0.00494385353836912,2.9155805170747,2.05202264014881,9.9348391193305,58.114454709864,48.9471549389171,24.8970469380537,"Dnah8"
"ENSRNOG00000016308",69.5418253675759,-2.23226085578641,0.551612500989525,-4.04679163685015,5.19244220627537e-05,0.00505262162397386,120.9965914586,172.3699017725,50.5773627893189,25.8286465377173,18.251481502647,29.2269681446717,"Il10ra"
"ENSRNOG00000005109",15.3877258335893,3.53233340507534,0.874793261844249,4.03790650790843,5.39303371298385e-05,0.00521638763867234,1.45779025853735,1.02601132007441,4.51583596333205,21.792920516199,22.3995454805214,41.1342514628713,"Rprm"
"ENSRNOG00000065288",420.04885812537,1.41253460862438,0.351139860374347,4.02271222389418,5.75317746107283e-05,0.00553161163861365,236.162021883051,182.630014973244,269.14382341459,621.501807313823,434.71710488123,776.138376286283,"Tmem200b"
"ENSRNOG00000045560",302.328433820991,-2.44841126925937,0.608916790514339,-4.0209291440153,5.79690409785791e-05,0.00554067407649105,252.197714726962,1033.19339931493,247.467810790596,105.73602176378,63.8801852592647,111.495471070414,"Gvin1"
"ENSRNOG00000006932",207.672783839474,-2.24503770762057,0.558820867033039,-4.01745503803428,5.8830055584402e-05,0.00558989345796968,249.282134209887,629.970950525685,149.925753982624,84.750246451885,77.9836027840374,54.1240150827255,"Dock2"
"ENSRNOG00000000655",705.952065075145,-2.03808533148319,0.509375981283433,-4.00114140903934,6.30376700372022e-05,0.00588582360757762,981.092843995637,1909.40706665847,515.70846701252,325.279517334378,192.470168573369,311.754326876499,"Ptprc"
"ENSRNOG00000009427",23.5738384315802,-4.75201682132648,1.18749487201234,-4.00171565648421,6.28848426076735e-05,0.00588582360757762,21.8668538780603,105.679165967664,9.03167192666409,4.03572602151833,0.829612795574866,0,"Tbx21"
"ENSRNOG00000029308",90.4378781141761,-2.28838167067745,0.571882450833482,-4.0014895846905,6.29449663500788e-05,0.00588582360757762,209.921797229379,179.551981013021,61.4153691013158,45.2001314410053,24.888383867246,21.6496060330902,"Irag2"
"ENSRNOG00000063508",53.5014563851899,-3.34683902144996,0.837249210413993,-3.99742272649628,6.40358851196296e-05,0.00594466466860561,42.2759174975832,225.722490416369,24.385514201993,9.685742451644,12.444191933623,6.49488180992706,""
"ENSRNOG00000066444",157.14964331579,-4.0126596180468,1.0047388667914,-3.99373384535337,6.50408701944407e-05,0.00600345815000458,106.418688873227,713.077867451712,68.6407066426471,45.2001314410053,4.14806397787433,5.41240150827255,NA
"ENSRNOG00000063710",57.991922870615,3.24594160150979,0.814370732984955,3.98582791600611,6.72452364792535e-05,0.00617166082300785,7.28895129268676,9.23410188066965,16.2570094679954,87.171682064796,19.0810942982219,208.91869821932,"Kctd8"
"ENSRNOG00000004695",40.9159530430877,2.87766688865663,0.723192149205138,3.97911798658141,6.91714089002826e-05,0.00624204339645958,5.8311610341494,12.3121358408929,10.8380063119969,75.8716492045446,21.5699326849465,119.072833181996,"Celf5"
"ENSRNOG00000028909",28.6504130340831,3.49198371485638,0.877559418944053,3.9791991738385,6.91477941688694e-05,0.00624204339645958,2.9155805170747,9.23410188066965,1.80633438533282,22.6000657205027,102.871986651283,32.4744090496353,"AABR07006242.1"
"ENSRNOG00000057855",254.651733139007,-3.11540289788558,0.78290953846383,-3.97926292225077,6.91292571761859e-05,0.00624204339645958,984.008424512712,216.4883885357,169.795432221285,35.5143889893613,103.701599446858,18.4021651281267,"F5"
"ENSRNOG00000020729",143.046547109965,2.91503827060058,0.735020713121532,3.96592669915494,7.31113303124862e-05,0.00656092954743106,18.9512733609856,11.2861245208185,69.5438738353135,404.379747356137,95.4054714911096,258.712792095428,"Stc2"
"ENSRNOG00000008134",18.4768878944213,-2.86912995001557,0.725711546012223,-3.95354044700185,7.70032399141384e-05,0.00673713372502988,42.2759174975832,24.6242716817857,30.7076845506579,7.264306838733,1.65922559114973,4.32992120661804,"Mefv"
"ENSRNOG00000021510",21.4757431496913,-3.33255048461641,0.841953552562047,-3.95811678028501,7.55430233111535e-05,0.00673713372502988,27.6980149122097,75.924837685506,13.5475078899961,4.03572602151833,3.31845118229946,4.32992120661804,"Tbc1d10c"
"ENSRNOG00000027357",35.169577548288,-3.81554231680695,0.964756754081249,-3.95492677368249,7.65580966251385e-05,0.00673713372502988,151.610186887885,33.8583735624554,11.7411735046633,8.07145204303666,2.4888383867246,3.24744090496353,"Sox17"
"ENSRNOG00000059251",8.19478049789351,-6.61475995110094,1.67332933997381,-3.95305322932094,7.71602636742727e-05,0.00673713372502988,36.4447564634338,8.20809056059524,4.51583596333205,0,0,0,"1700020N01Rikl"
"ENSRNOG00000069221",23.0224628739875,2.91287374010518,0.736619582343883,3.9543799946732,7.67333735463291e-05,0.00673713372502988,5.8311610341494,4.10404528029762,6.32217034866486,37.9358246022723,65.5394108504144,18.4021651281267,NA
"ENSRNOG00000015401",36.9311113079986,-4.18736290454329,1.06271984136668,-3.94023216801735,8.14027890279e-05,0.0070693508127294,183.681572575706,17.4421924412649,9.03167192666409,4.03572602151833,4.14806397787433,3.24744090496353,"Mapk4"
"ENSRNOG00000050585",1957.82028801682,1.12916434050803,0.287164802316931,3.93211261059015,8.42026026415562e-05,0.00727339379929977,1239.12171975675,1154.26273508371,1292.43225270563,2820.16534383701,3204.79422930571,2036.14544741213,"Pgam1"
"ENSRNOG00000009951",50.3203855675637,-2.13263765858447,0.543027195777306,-3.92731280342552,8.59002316104806e-05,0.00738056617661752,113.707640165913,59.5086565643155,72.2533754133127,14.528613677466,11.6145791380481,30.3094484463263,"Aif1l"
"ENSRNOG00000003207",134.253786241673,-2.14419481660946,0.546668414608435,-3.922295049999,8.77094925019704e-05,0.0074566917493912,224.499699814752,339.609746944628,93.0262208446401,69.4144875701153,35.6733502097192,43.2992120661804,"Fmnl1"
"ENSRNOG00000011923",45.897019074961,1.83029159513074,0.466571724182913,3.9228515151364,8.75070860010673e-05,0.0074566917493912,11.6623220682988,22.5722490416369,25.2886813946595,61.3430355270786,75.4947643973128,79.0210620207792,"Mgarp"
"ENSRNOG00000048636",206.914442750469,-3.38113837812385,0.862602684983739,-3.91969377905146,8.86615494098641e-05,0.0074981675791494,122.454381717137,940.85238050823,69.5438738353135,58.9215999141677,21.5699326849465,28.1444878430172,"Il2rb"
"ENSRNOG00000063319",145.095046143166,-4.02244831215169,1.02811186327846,-3.91246172310943,9.13600223885973e-05,0.00768613771689069,103.503108356152,661.777301447991,55.093198752651,41.9715506237907,4.9776767734492,3.24744090496353,NA
"ENSRNOG00000014603",368.828508555573,-2.70241156481411,0.691493528355492,-3.9080793297386,9.30327616745445e-05,0.00778416687970554,1107.92059648839,391.936324268423,419.069577397214,168.693347699466,103.701599446858,21.6496060330902,"Sgcg"
"ENSRNOG00000032970",16.3771290864552,-3.45740922182795,0.884950215709718,-3.90689686318135,9.34890345237959e-05,0.00778416687970554,14.5779025853735,55.4046112840179,19.869678238661,2.421435612911,1.65922559114973,4.32992120661804,"Gpr174"
"ENSRNOG00000022946",23.1243704213054,-4.72077165425217,1.21164383483394,-3.89617106820767,9.77253760109762e-05,0.00809516922412974,17.4934831024482,6.15606792044643,110.186397505302,2.421435612911,2.4888383867246,0,"Slc22a3"
"ENSRNOG00000058775",53.9597185818693,-4.40723040341092,1.13230980026889,-3.89224786570277,9.93196964843764e-05,0.00818526049649047,43.7337077561205,262.658897939048,2.70950157799923,4.842871225822,3.31845118229946,6.49488180992706,"Ly49s7"
"ENSRNOG00000065128",83.3284328197044,-1.9013365143932,0.489170534875948,-3.88685821985449,0.000101550025840514,0.00832658663655749,99.1297375805399,211.358331935327,83.994548917976,41.164405419487,34.0141246185695,30.3094484463263,"Naip5"
"ENSRNOG00000042047",94.4373972810545,4.41711626314419,1.13844412191245,3.87995877718089,0.000104474169604969,0.00848025759612596,13.1201123268362,6.15606792044643,6.32217034866486,41.164405419487,494.44922616262,5.41240150827255,"Skint2"
"ENSRNOG00000063634",70.7712370945719,-1.75412731856523,0.452032867674496,-3.88053047467415,0.000104228883591203,0.00848025759612596,94.7563668049278,72.8468037252828,159.860593101954,33.0929533764503,34.8437374141444,29.2269681446717,NA
"ENSRNOG00000037563",257.403869509798,-1.50357318732861,0.387951398094022,-3.87567410432223,0.000106329919171415,0.00858773592187932,463.577302214878,427.846720471027,251.080479561262,172.729073720985,125.271532131805,103.918108958833,"Cd68"
"ENSRNOG00000010661",19.5816229308341,-5.0127127022912,1.29468185322692,-3.87177181003757,0.000108047080774082,0.00868300744151116,26.2402246536723,84.1329282461012,3.61266877066564,2.421435612911,0,1.08248030165451,"Gzmk"
"ENSRNOG00000048036",69.5366311948269,2.69579704177489,0.696956733888357,3.86795465298815,0.000109752067991434,0.0087763621498299,20.4090636195229,9.23410188066965,26.1918485873259,219.543495570597,102.871986651283,38.9692908595623,"Ncan"
"ENSRNOG00000014683",15.6346044423003,3.27485440137902,0.847503433654448,3.86411933136105,0.000111490710704992,0.00887147512324009,4.37337077561205,1.02601132007441,3.61266877066564,31.478662967843,38.1621885964438,15.1547242231631,"Il1rl2"
"ENSRNOG00000009919",21.5435567038797,-4.88394447314359,1.26903169528868,-3.84855988331529,0.00011881425429489,0.00940787573345762,5.8311610341494,106.705177287738,12.6443406973297,2.421435612911,1.65922559114973,0,"Acod1"
"ENSRNOG00000001431",60.4373704206729,-2.61439441153616,0.679663727975969,-3.8465998756794,0.000119768321695429,0.00943715951388418,205.548426453767,67.7167471249108,38.8361892846556,22.6000657205027,14.9330303203476,12.9897636198541,"Rasa4"
"ENSRNOG00000045992",88.9711017168251,-1.76890396819693,0.46002863670784,-3.84520403089676,0.000120452172121717,0.00944497056447619,163.272508956183,171.343890452426,78.5755457619776,51.6572930754347,36.5029630052941,32.4744090496353,"Tlr8"
"ENSRNOG00000050655",390.183038565084,1.17572435804778,0.306102106926859,3.84095480377962,0.000122556680084604,0.00956356547539422,287.184680931858,175.447935732723,256.49948271726,558.544481378137,538.418704328088,525.002946302437,"P4ha1"
"ENSRNOG00000012367",111.916892555464,1.67811837504453,0.437171264322036,3.8385834385683,0.000123746163992826,0.00956397984199102,75.8050934439423,31.8063509223066,53.2868643673181,170.307638108074,208.232811689291,132.06259680185,NA
"ENSRNOG00000019110",17.8941059618507,-4.92321692943496,1.28222413419,-3.83959153330477,0.000123239176885185,0.00956397984199102,58.311610341494,43.092475443125,2.70950157799923,2.421435612911,0.829612795574866,0,"Ocstamp"
"ENSRNOG00000007443",765.755019136505,1.77101803934268,0.461982275609237,3.83351945051823,0.000126322807442759,0.00961184075363638,279.895729639171,349.869860145372,410.941072663216,1941.18421635032,632.994563023623,979.644672997331,"Jag1"
"ENSRNOG00000007561",30.4822322150633,3.49955416459859,0.91292417487337,3.8333459239197,0.00012641199056,0.00961184075363638,8.74674155122411,1.02601132007441,5.41900315599845,34.7072437850577,18.251481502647,114.742911975378,"Glb1l2"
"ENSRNOG00000014237",165.9252069132,1.60263935046926,0.418149158035927,3.83269778180819,0.000126745624993781,0.00961184075363638,64.1427713756434,87.2109622063245,94.832555229973,339.808131011844,258.009579423783,151.547242231631,"Zfp503"
"ENSRNOG00000068399",40.4860914629405,-4.04322753758729,1.05467469994752,-3.83362522850739,0.000126268472477486,0.00961184075363638,32.0713856878217,189.812094213765,7.22533754133127,8.07145204303666,2.4888383867246,3.24744090496353,"Itgad"
"ENSRNOG00000009258",198.801721305831,1.30417362216342,0.340535711282979,3.82977050262925,0.000128262822166792,0.00968144563766443,119.538801200063,99.5230980472173,124.637072587964,204.207736688828,316.912087909599,327.991531401316,"Cdk6"
"ENSRNOG00000016575",219.544212768404,-1.77127157085028,0.462994195896054,-3.82568850009503,0.000130407103646382,0.00976743062675533,507.311009970998,232.90456965689,279.07866253392,141.250410753142,64.7097980548395,92.0108256406333,"Tnfrsf1b"
"ENSRNOG00000029844",16.432986745588,-6.65162350903779,1.73884879308395,-3.82530300247714,0.000130611342498555,0.00976743062675533,88.9252057707784,6.15606792044643,2.70950157799923,0.807145204303666,0,0,"Akr1c2"
"ENSRNOG00000042785",228.654305506419,1.44511493855511,0.378192984764266,3.82110455976827,0.000132855306676912,0.00988945515553991,104.960898614689,140.563550850194,122.830738202632,418.908361033603,372.496145213115,212.166139124284,"Sesn2"
"ENSRNOG00000002255",327.518563232834,1.49412295017345,0.391427557629206,3.81711231376511,0.000135022715369251,0.00995900420712103,144.321235595198,115.939279168408,253.789981139261,561.773062195352,431.39865369893,457.889167599857,"Fam162a"
"ENSRNOG00000012879",1100.90416684203,-3.17651953221004,0.832077222646312,-3.81757779897825,0.00013476829631185,0.00995900420712103,4215.92942769002,1311.24246705509,420.875911782547,174.343364129592,428.909815312206,54.1240150827255,"Fabp3"
"ENSRNOG00000003259",82.2863328921495,-2.74070276535921,0.719431776113279,-3.80953810542791,0.00013922664852985,0.0101961096539017,252.197714726962,25.6502830018601,151.732088367957,23.4072109248063,19.0810942982219,21.6496060330902,"C1qtnf1"
"ENSRNOG00000020811",169.4997206341,-2.03842538755076,0.535152738067877,-3.80905345810304,0.000139499797778263,0.0101961096539017,395.061160063622,270.866988499643,152.635255560623,55.693019096953,107.020050629158,35.7218499545988,"Il6r"
"ENSRNOG00000009848",263.975851838519,2.50949529282177,0.659507987389144,3.80510219861983,0.000141745652774433,0.0102865977726157,46.6492882731952,103.627143327515,85.8008833033089,667.509083959132,97.8943098778342,582.374402290126,"Il18"
"ENSRNOG00000032297",188.135956059982,1.23165296107802,0.323724049330679,3.80463843704088,0.000142011471757154,0.0102865977726157,104.960898614689,94.3930414468453,137.281413285294,301.065161205268,224.825067600789,266.290154207009,"Msmo1"
"ENSRNOG00000061403",82.1999458606269,-1.50250155967663,0.395755622473157,-3.79653875865917,0.000146730430579265,0.0105809671658343,150.152396629347,126.199392369152,88.5103848813081,35.5143889893613,50.6063805300668,42.2167317645259,"Tlr13"
"ENSRNOG00000025460",54.1514807092373,-3.84956652710318,1.01668255137221,-3.78639971927071,0.00015284573762547,0.0109729653327299,265.317827053798,28.7283169620833,9.9348391193305,8.87859724734033,6.63690236459893,5.41240150827255,"Tmem71"
"ENSRNOG00000006931",142.267016416596,-1.82585303217457,0.482732483561621,-3.7823289178788,0.000155367874123077,0.0110119432109783,134.116703785436,278.049067740164,253.789981139261,53.271583484042,95.4054714911096,38.9692908595623,"Eepd1"
"ENSRNOG00000016552",396.666212187162,1.33774683791912,0.353602069020707,3.7831985588319,0.000154825804730132,0.0110119432109783,183.681572575706,247.268728137932,242.951974827264,678.809116819383,379.962660373289,647.323220389397,"Hmgcs1"
"ENSRNOG00000067312",81.5795900339245,-3.54749005224416,0.937937770394296,-3.78222326066776,0.000155433854522569,0.0110119432109783,87.4674155122411,348.843848825298,14.4506750826625,15.3357588817697,4.9776767734492,18.4021651281267,"LOC100362418"
"ENSRNOG00000066798",18.5107943775436,-5.39848009367082,1.42918959559286,-3.77730156329007,0.000158536728766434,0.0111827239291013,5.8311610341494,96.4450640869941,6.32217034866486,0.807145204303666,1.65922559114973,0,"Peg10"
"ENSRNOG00000000521",233.136637238826,1.52901369199732,0.405491746480842,3.77076402976692,0.000162748510161971,0.0113804185482525,125.369962234212,90.2889961665477,144.506750826625,431.015539098158,396.554916284786,211.083658822629,"Cdkn1a"
"ENSRNOG00000045738",143.999675407969,1.98436320267982,0.52611648978837,3.77171831941255,0.000162127217860042,0.0113804185482525,61.2271908585687,31.8063509223066,81.2850473399768,221.157785979205,345.118922959144,123.402754388614,"Ak4"
"ENSRNOG00000025130",27.3329296257839,2.22261887525201,0.590479474255124,3.76409167830227,0.000167155555280912,0.011595053762996,7.28895129268676,12.3121358408929,9.03167192666409,47.6215670539163,28.2068350495454,59.536416590998,"Ltk"
"ENSRNOG00000051690",78.258950874901,-3.0710713518233,0.815918207595007,-3.76394511513055,0.000167253607799052,0.011595053762996,214.295168004991,191.864116853914,13.5475078899961,14.528613677466,19.0810942982219,16.2372045248176,"Clec9a"
"ENSRNOG00000002583",22.444466363923,6.81526038538581,1.81570633355989,3.75350366929863,0.00017437997856278,0.012037435015917,0,1.02601132007441,0,6.45716163442933,126.10114492738,1.08248030165451,"Serpinb11"
"ENSRNOG00000016846",161.551281678584,-1.71992395159031,0.458813904550771,-3.74863083819202,0.000177802574095122,0.0121612953161192,256.571085502574,359.103962026042,128.24974135863,89.593117677707,73.0059260105882,62.7838574959615,"Pik3cd"
"ENSRNOG00000021384",195.701325371668,-1.89822336904701,0.506291584016088,-3.74926905556995,0.000177350733144454,0.0121612953161192,329.460598429441,462.731105353557,133.668744514629,96.85742451644,60.5617340769652,90.9283453389788,"Ankrd44"
"ENSRNOG00000023122",28.4305912387123,-2.24063353181467,0.597862104282851,-3.74774302596477,0.000178432922052885,0.0121612953161192,37.9025467219711,47.1965207234226,55.093198752651,7.264306838733,5.80728956902406,17.3196848264721,NA
"ENSRNOG00000011205",24.2561338254222,-3.48270650856466,0.929956407374763,-3.7450212514759,0.00018037850653817,0.0122422437651725,61.2271908585687,63.6127018446131,9.03167192666409,7.264306838733,3.31845118229946,1.08248030165451,"Ccl3"
"ENSRNOG00000032844",847.337047428307,-2.37341011854219,0.63411848094757,-3.742849624877,0.000181945120648752,0.0122969018152271,562.707039795418,3057.51373382173,641.24870679315,311.558048861215,230.632357169813,280.362398128518,"RT1-Da"
"ENSRNOG00000013922",73.4182877280311,-1.99191637786511,0.532887015705024,-3.73797131316804,0.000185511107270856,0.0124856704822756,112.249849907376,185.708048933467,54.1900315599845,33.0929533764503,28.2068350495454,27.0620075413627,"Dok2"
"ENSRNOG00000015873",39.8595684562028,-3.34816495811077,0.896705778218237,-3.73385009826033,0.000188574756290713,0.0126392034786883,16.0356928439109,33.8583735624554,167.989097835952,8.07145204303666,9.95535354689839,3.24744090496353,"Spns3"
"ENSRNOG00000056714",59.6847801606523,-2.42115807178746,0.649433911725962,-3.72810539775001,0.000192924696037796,0.012861844380878,78.720673961017,186.734060253542,36.1266877066564,16.950049290377,15.7626431159224,23.8145666363992,"Sla"
"ENSRNOG00000068800",141.371002460187,-2.5703151704346,0.689578929625413,-3.72736906539592,0.000193489022754495,0.012861844380878,476.697414541714,81.054894285878,167.989097835952,25.8286465377173,27.3772222539706,69.2787393058886,NA
"ENSRNOG00000006116",240.0348374329,1.54007802697894,0.413751064504007,3.72223338887393,0.000197468369078517,0.0130192104723481,154.525767404959,97.4710754070685,117.411735046633,506.080043098399,338.482020594545,226.238383045792,"Hk2"
"ENSRNOG00000022975",63.7103684160245,-1.97569962169403,0.530732526650825,-3.7225900476868,0.000197189548325562,0.0130192104723481,123.912171975675,129.277426329375,51.4805299819853,27.4429369463247,16.5922559114973,33.5568893512898,"Nfam1"
"ENSRNOG00000024566",203.699418360276,-1.41621571393558,0.380723817584708,-3.71979804920002,0.000199382137614147,0.0130919498735013,357.158613341651,208.280297975104,324.237022167241,145.28613677466,99.5535354689839,87.6809044340152,"Sh3d21"
"ENSRNOG00000021157",376.459036134479,-1.87630492510824,0.504910398088613,-3.71611464570977,0.000202309812813805,0.0132304065035684,863.011833054112,557.124146800402,355.847873910565,142.057555957445,253.031902650334,87.6809044340152,"Ctss"
"ENSRNOG00000062544",29.3482852583554,-1.93946061545962,0.52225961021968,-3.71359488175587,0.000204335805068471,0.0133090171744799,58.311610341494,48.222532043497,33.4171861286571,14.528613677466,10.7849663424733,10.8248030165451,"Adgrf1"
"ENSRNOG00000011680",49.5719574272401,-1.61571013071386,0.435516824804982,-3.70986845671771,0.000207366962890545,0.0134028087621509,78.720673961017,76.9508490055804,68.6407066426471,16.950049290377,32.3548990274198,23.8145666363992,"Il16"
"ENSRNOG00000025075",28.1799410496444,-2.46433383404225,0.664279412296291,-3.70978505193094,0.000207435286976891,0.0134028087621509,75.8050934439423,20.5202264014881,46.9646940186533,10.4928876559477,6.63690236459893,8.65984241323607,"Relt"
"ENSRNOG00000011068",116.70092864273,-2.45781537196982,0.664277246312129,-3.69998428459636,0.00021561281852977,0.013875672739886,412.55464316607,95.4190527669197,84.8977161106424,39.5501150108797,43.9694781654679,23.8145666363992,"Papss2"
"ENSRNOG00000037409",36.0092476204399,-2.91603231431262,0.789321569083403,-3.69435275625225,0.000220447590680588,0.0141305156042204,96.2141570634652,79.0028716457292,15.353842275329,7.264306838733,4.14806397787433,14.0722439215086,"Scimp"
"ENSRNOG00000014661",98.4862274092521,3.1737850221508,0.859576087559103,3.69226769809667,0.000222263330041676,0.0141347227171779,21.8668538780603,7.18207924052084,29.8045173579915,83.1359560432776,36.5029630052941,412.424994930368,"Zfp385d"
"ENSRNOG00000055751",103.30069044374,1.89260846201017,0.512499890915477,3.69289534604468,0.000221715281204394,0.0141347227171779,23.3246441365976,33.8583735624554,73.1565426059791,115.421764215424,179.196363844171,194.846454297812,"P3h2"
"ENSRNOG00000010603",30.7533549447128,-3.6613452621335,0.993500578055977,-3.68529756600424,0.000228435589486481,0.0144702748116672,8.74674155122411,127.225403689226,35.22352051399,7.264306838733,4.9776767734492,1.08248030165451,"Gzma"
"ENSRNOG00000013014",133.443724287005,-1.57397073976166,0.428340355053442,-3.67457962153783,0.000238241343123139,0.0149739782703037,137.032284302511,239.060637577336,223.082296588603,92.8216984949216,44.7990909610428,63.866337797616,"Cyba"
"ENSRNOG00000022884",80.8684988988328,-1.76762753740742,0.481020955700036,-3.67474122792627,0.000238090602143215,0.0149739782703037,132.658913526899,166.213833852054,75.8660441839784,34.7072437850577,24.888383867246,50.8765741777619,"Cd84"
"ENSRNOG00000043085",30.1364208887378,-2.83568747942792,0.771980083115522,-3.67326507697424,0.000239470836724215,0.0149866844660538,30.6135954292844,19.4942150814137,108.380063119969,6.45716163442933,8.29612795574866,7.57736211158156,"Clstn2"
"ENSRNOG00000065273",999.452104713582,-2.81705721195532,0.767092414892834,-3.67238308874281,0.000240299094701167,0.0149866844660538,3577.41729445066,1358.43898777851,316.108517433243,199.364865463006,433.887492085655,111.495471070414,"LOC134485139"
"ENSRNOG00000006617",48.304109338398,2.47838260977413,0.675452825575562,3.66921643663607,0.000243295036387772,0.0151151720106603,16.0356928439109,7.18207924052084,20.7728454313274,90.4002628820106,29.8660606406952,125.567714991923,"Cntnap2"
"ENSRNOG00000018355",28.5413740735659,2.64317661674672,0.723466381387454,3.65348920799564,0.000258700666698382,0.0160106968167776,4.37337077561205,5.13005660037203,13.5475078899961,53.271583484042,22.3995454805214,72.5261802108521,"Msx2"
"ENSRNOG00000004409",62.5040414981655,-2.32496817271111,0.637235465574185,-3.64852287468994,0.000263752422381607,0.0162610415218706,91.8407862878531,185.708048933467,35.22352051399,25.0215013334137,19.9107070937968,17.3196848264721,"Sash3"
"ENSRNOG00000050697",235.91954263842,-1.18026440632722,0.323648682417811,-3.646745593123,0.000265582636164054,0.0163116209960379,244.908763434275,379.62418842753,356.751041103232,134.793249118712,132.738047291979,166.701966454794,"Ctsz"
"ENSRNOG00000002659",98.5203710651553,-2.53111115190123,0.694385625481085,-3.64510879692767,0.000267278705696805,0.0163536095951534,84.5518349951664,356.025928065819,63.2217034866486,35.5143889893613,18.251481502647,33.5568893512898,"Ciita"
"ENSRNOG00000033564",60.1168226425497,-3.23029286031879,0.887292506546443,-3.64061776301016,0.000271984670195406,0.01651642247243,237.619812141588,69.7687697650596,18.9665110459946,15.3357588817697,15.7626431159224,3.24744090496353,"Cfd"
"ENSRNOG00000055305",83.7306864688036,-1.85807962488088,0.510340462735884,-3.64086283678135,0.000271725877260327,0.01651642247243,192.42831412693,119.017313128631,83.0913817253096,44.3929862367017,43.9694781654679,19.4846454297812,"Parvb"
"ENSRNOG00000014187",251.019764451163,-2.15130732147584,0.59125684217646,-3.63853264438635,0.000274195876179186,0.01657944598949,543.755766434432,178.525969692947,506.676795085855,88.7859724734033,38.9918013920187,149.382281628322,"Igf1r"
"ENSRNOG00000067693",235.258718529436,-1.46076108403477,0.401560870570784,-3.63770773272411,0.000275075312646773,0.01657944598949,403.807901614846,226.748501736444,404.618902314551,137.214684731623,85.4501179442112,153.71220283494,NA
"ENSRNOG00000042741",79.1338475720491,3.19129561897763,0.878622294925306,3.63215870734185,0.000281060167838605,0.0168771929037063,10.2045318097615,8.20809056059524,27.9981829726587,62.957325935686,29.8660606406952,335.568893512898,"Adgb"
"ENSRNOG00000019862",190.694567121348,5.6413751864778,1.55435966970321,3.62938854914769,0.000284093354226642,0.0169348313447361,10.2045318097615,5.13005660037203,7.22533754133127,94.435988903529,1019.59412576151,7.57736211158156,"Pinlyp"
"ENSRNOG00000059540",18.69014475288,3.63002811695474,1.00018209990072,3.62936720954622,0.000284116838632049,0.0169348313447361,1.45779025853735,3.07803396022322,3.61266877066564,54.8858738926493,5.80728956902406,43.2992120661804,"Gcnt3"
"ENSRNOG00000043304",68.959634712888,-1.7786774887681,0.491038797613071,-3.62227485366576,0.000292023596933827,0.0173421219164416,131.201123268362,58.4826452442411,130.959242936629,41.164405419487,24.888383867246,27.0620075413627,"Apcdd1"
"ENSRNOG00000002227",820.243824606565,-1.81594072817768,0.502082658907757,-3.61681626712247,0.000298248848161428,0.0175825315487283,1179.35231915672,952.138505029048,1701.56699098351,201.786301075917,635.483401410347,251.135429983846,"Kit"
"ENSRNOG00000032208",29.8740191609581,2.44407370595081,0.675672526257917,3.61724594529075,0.000297754349971689,0.0175825315487283,16.0356928439109,7.18207924052084,5.41900315599845,38.742969806576,80.472441170762,31.3919287479808,"Eda"
"ENSRNOG00000062726",79.862535599526,-6.29477651599333,1.74194165462272,-3.61365519866202,0.0003019104998999,0.0177336738359385,393.603369805085,1.02601132007441,78.5755457619776,3.22858081721467,1.65922559114973,1.08248030165451,NA
"ENSRNOG00000013820",49.1595995849357,-2.40912800195984,0.667213564972197,-3.61072994980284,0.000305336454617106,0.0178054142650907,67.0583518927182,149.797652730863,31.6108517433243,20.9857753118953,15.7626431159224,9.74232271489058,"Tnfrsf14"
"ENSRNOG00000026235",38.6606375343762,-2.55705683171726,0.70807308514849,-3.61128940691344,0.000304678434500696,0.0178054142650907,81.6362544780917,94.3930414468453,22.5791798166602,18.5643396989843,8.29612795574866,6.49488180992706,"Hk3"
"ENSRNOG00000003666",34.5023301412463,-2.77122293055728,0.768153098305657,-3.60764401871172,0.000308990031949685,0.0179536546261988,34.9869662048964,23.5982603617113,121.927571009965,5.65001643012566,13.2738047291979,7.57736211158156,"Jchain"
"ENSRNOG00000049766",23.9771233559243,-4.99083968882127,1.38509997563621,-3.60323426222635,0.000314282038161225,0.018195690904725,126.82775249275,8.20809056059524,4.51583596333205,3.22858081721467,0,1.08248030165451,"Sctr"
"ENSRNOG00000032429",47.4044821900411,2.12198908617433,0.58955029882829,3.59933510404746,0.00031903185711503,0.0184047199570682,5.8311610341494,25.6502830018601,20.7728454313274,96.0502793121363,50.6063805300668,85.5159438307062,"Tmprss9"
"ENSRNOG00000002218",83.684601136445,1.33333385244,0.370597080401057,3.5977991272815,0.000320921313132716,0.0184478361958461,45.1914980146579,41.0404528029762,55.9963659453174,96.0502793121363,125.271532131805,138.557478611777,"Stbd1"
"ENSRNOG00000010076",65.2560534876894,2.34630676045202,0.652870932677599,3.59382941254435,0.000325853220806216,0.0186649187080951,34.9869662048964,10.2601132007441,19.869678238661,186.450542194147,91.2574075132352,48.7116135744529,"Pkp1"
"ENSRNOG00000063597",17.2806162010076,5.03637304823496,1.4031375862879,3.5893650754229,0.00033148434537972,0.0189203767876983,0,1.02601132007441,1.80633438533282,67.800197161508,1.65922559114973,31.3919287479808,NA
"ENSRNOG00000068784",29.1208346634216,3.50137723638752,0.976460825498546,3.58578362280929,0.000336067529097445,0.0191144323856022,1.45779025853735,5.13005660037203,7.22533754133127,55.693019096953,98.723922673409,6.49488180992706,"LOC120093742"
"ENSRNOG00000019217",26.2060388650326,-2.39261927841544,0.668432625185882,-3.57944718474818,0.00034432182640492,0.0195151946032234,42.2759174975832,29.7543282821578,59.609034715983,3.22858081721467,8.29612795574866,14.0722439215086,"Adrb2"
"ENSRNOG00000028362",46.737997258833,-2.77085731651217,0.774601151972253,-3.57714071229708,0.000347373200559805,0.0195726832100672,174.934831024482,23.5982603617113,46.0615268259869,11.3000328602513,8.29612795574866,16.2372045248176,"Unc80"
"ENSRNOG00000071096",8.02472265027936,-5.59630206212853,1.5645895181986,-3.57685002809674,0.000347759554342183,0.0195726832100672,30.6135954292844,11.2861245208185,5.41900315599845,0,0.829612795574866,0,NA
"ENSRNOG00000009001",2325.49349965791,1.32867350349683,0.371731640026154,3.57428144508588,0.000351191016264588,0.0196730652234213,897.998799259008,1467.1961877064,1606.73443575354,3629.73198375359,2307.1531844937,4044.14640698125,"Mtss1"
"ENSRNOG00000037845",32.0070542569633,-2.66999629591236,0.747124844362993,-3.57369496685502,0.000351978941965502,0.0196730652234213,109.334269390301,36.9364075226786,19.869678238661,6.45716163442933,10.7849663424733,8.65984241323607,"Cysltr1"
"ENSRNOG00000003969",669.296835663435,-2.8297293912007,0.79205444221482,-3.57264506122576,0.000353393606995886,0.0196768754880272,2383.48707270857,652.543199567322,485.000782461862,76.6787944088483,365.029630052941,53.041534781071,"Fam20a"
"ENSRNOG00000009440",25.666085762126,3.82796636586437,1.07170890528396,3.57183405586249,0.000354490011183767,0.0196768754880272,0,6.15606792044643,3.61266877066564,26.635791742021,107.849663424733,9.74232271489058,"Gucy1b2"
"ENSRNOG00000047414",33.3683777372921,-2.96227924305542,0.829551534422407,-3.57094058673277,0.000355701581285455,0.0196768754880272,26.2402246536723,124.147369729003,27.0950157799923,12.9143232688587,3.31845118229946,6.49488180992706,"AABR07058479.1"
"ENSRNOG00000004033",527.765431123591,1.25418606073149,0.352496149354756,3.55801350745894,0.000373670102373378,0.020600317964632,252.197714726962,268.814965859494,413.650574241215,826.516689206954,851.182728259812,554.229914447109,"Sema6a"
"ENSRNOG00000005342",173.029745367467,-1.60058987910679,0.450114124924352,-3.55596456648808,0.000376594836325726,0.0206909401060186,352.785242566039,293.43923754128,134.571911707295,78.2930848174557,73.0059260105882,106.083069562142,"Rassf5"
"ENSRNOG00000063610",21.503979673321,-2.64109551933192,0.743638393466597,-3.55158574723395,0.000382917201634107,0.0209669883321889,62.6849811171061,14.3641584810417,34.3203533213235,7.264306838733,4.9776767734492,5.41240150827255,NA
"ENSRNOG00000066264",64.323631273638,-1.73889358398807,0.490047524634405,-3.54841825858697,0.000387552268917601,0.0211490939183311,69.9739324097929,145.693607450566,81.2850473399768,40.3572602151833,21.5699326849465,27.0620075413627,NA
"ENSRNOG00000002810",49.0975824992108,-1.97084373454,0.555890575114081,-3.54538073277377,0.000392046361023751,0.0213223059583052,128.285542751287,38.9884301628274,67.7375394499807,20.1786301075917,19.9107070937968,19.4846454297812,"Gfpt2"
"ENSRNOG00000037839",20.9968957160635,-2.47309062631115,0.697774911028698,-3.54425271992824,0.000393727647514562,0.0213418882224923,21.8668538780603,57.4566339241667,27.0950157799923,4.842871225822,4.9776767734492,9.74232271489058,"P2ry10"
"ENSRNOG00000017295",281.253826172012,1.2163829043102,0.343382830832977,3.54235213612602,0.000396575686609302,0.0214243714575253,196.801684902542,149.797652730863,161.666927487287,279.272240689069,488.641936593596,411.342514628714,"Sh3glb2"
"ENSRNOG00000060946",510.527370336019,1.45557513007594,0.411490807161999,3.53732113753612,0.000404207861658217,0.0217638986312173,249.282134209887,229.826535696667,338.687697249903,711.902070195834,448.820522406002,1084.64526225782,"Cask"
"ENSRNOG00000005650",164.889026296678,2.16348327011635,0.612430549427859,3.53261814280413,0.000411466329933947,0.0220079987663015,16.0356928439109,59.5086565643155,103.864227156637,379.358246022723,228.143518783088,202.423816409393,"Pgf"
"ENSRNOG00000021161",108.063152640197,-1.75342640035412,0.49629826622826,-3.5330093205437,0.000410857986487326,0.0220079987663015,237.619812141588,188.786082893691,74.0597097986455,54.0787286883456,47.2879293477674,46.5466529711439,"Fermt3"
"ENSRNOG00000068720",5.11086010668009,-5.94489556197703,1.68351784756026,-3.53123405884431,0.000413625561433961,0.0220504742371049,11.6623220682988,15.3901698011161,3.61266877066564,0,0,0,""
"ENSRNOG00000049115",63.9147644377269,-1.78962062813595,0.507564316219519,-3.52589922291138,0.000422047536481656,0.0224254403183822,112.249849907376,129.277426329375,55.9963659453174,36.321534193665,18.251481502647,31.3919287479808,"Ccr5"
"ENSRNOG00000061050",275.101754556878,2.21919858982729,0.630271403508172,3.52102059124839,0.000429889232749562,0.0227672156609957,33.5291759463591,151.849675371012,105.67056154197,272.815079054639,806.383637298769,280.362398128518,"Mboat2"
"ENSRNOG00000037097",28.1294987224956,2.36025757424966,0.671968163861639,3.51245446017238,0.000443988085796058,0.0234370573524958,13.1201123268362,12.3121358408929,2.70950157799923,48.42871225822,59.7321212813903,32.4744090496353,"Wfdc18"
"ENSRNOG00000012427",48.0400407871009,-2.64067200237913,0.752340187841325,-3.50994409850145,0.000448200911226183,0.0235823756320408,69.9739324097929,135.433494249822,43.3520252479876,9.685742451644,26.5476094583957,3.24744090496353,"Veph1"
"ENSRNOG00000020431",33.6012769764929,-2.55310870615174,0.727774616591305,-3.50810353638025,0.00045131336830938,0.0236377299625681,104.960898614689,49.2485433635715,18.0633438533282,8.87859724734033,7.46651516017379,12.9897636198541,"Matk"
"ENSRNOG00000049361",287.524466443291,-2.08883235045303,0.595517252882812,-3.50759334064848,0.000452179691601159,0.0236377299625681,865.927413571187,252.398784738304,279.07866253392,84.750246451885,175.877912661872,67.1137787025796,"Gas7"
"ENSRNOG00000004089",93.8159617206553,-2.75572528588926,0.785968110723424,-3.50615406438414,0.000454631985107866,0.0236892595337012,345.496291273352,111.83523388811,33.4171861286571,32.2858081721467,29.0364478451203,10.8248030165451,"Enpp2"
"ENSRNOG00000012470",277.651256522228,-1.49765387885023,0.427394808083677,-3.50414616772091,0.00045807385498338,0.023728136495927,609.356328068613,335.505701664331,285.400832882585,132.371813505801,109.508889015882,193.763973996157,"Zc3h12c"
"ENSRNOG00000013663",37.4834296605376,-2.42021446051964,0.690699403807579,-3.50400542866819,0.00045831601477925,0.023728136495927,94.7563668049278,70.794781085134,24.385514201993,11.3000328602513,18.251481502647,5.41240150827255,"Tmem86a"
"ENSRNOG00000036829",163.514724935634,-1.75782705216255,0.502880728997157,-3.49551484239215,0.000473148137203631,0.0244177695215663,205.548426453767,421.690652550581,130.056075743963,93.6288436992253,63.0505724636898,67.1137787025796,"Nckap1l"
"ENSRNOG00000046683",154.748599786751,-2.05909362495345,0.589485443097855,-3.49303557715104,0.000477562879309106,0.0245671120684076,263.860036795261,405.27447142939,79.478712954644,51.6572930754347,48.1175421433422,80.1035423224337,"Lilrb3"
"ENSRNOG00000001766",1510.33353934875,-1.09886785405719,0.314698402354367,-3.49181262388425,0.000479754672942255,0.0246015150223373,2548.21737192329,1609.81176119674,2020.38500999476,846.695319314546,1173.07249294286,863.819280720298,"Tfrc"
"ENSRNOG00000007234",336.003593034718,1.49123682017428,0.427826911906619,3.48560779762208,0.000491020340119304,0.025020351905196,99.1297375805399,162.109788571756,266.434321836591,491.551429420933,586.53624647143,410.260034327059,"Cyp51"
"ENSRNOG00000043377",514.493081304501,0.997988042685454,0.286269521568919,3.48618336040775,0.000489965042187153,0.025020351905196,294.473632224545,334.479690344256,400.103066351219,783.73799337886,585.706633675855,688.457471852268,"Fdps"
"ENSRNOG00000008099",147.404961270412,2.24985141354308,0.645664084992312,3.48455406741397,0.000492957855337373,0.0250400887964295,20.4090636195229,56.4306226040923,75.8660441839784,238.107835269582,88.7685691265106,404.847632818786,"Galnt12"
"ENSRNOG00000009221",6.43254193337652,-6.27716314355033,1.80273332021649,-3.48202536290642,0.000497636555797781,0.0251197602681299,20.4090636195229,1.02601132007441,17.1601766606618,0,0,0,"Cdcp2"
"ENSRNOG00000070031",10.9482875022933,4.31495040088092,1.23919684198143,3.48205406493893,0.000497583218728044,0.0251197602681299,0,2.05202264014881,0.903167192666409,15.3357588817697,39.8214141875936,7.57736211158156,""
"ENSRNOG00000067503",14.5887371234331,-4.1761148768141,1.20126945413414,-3.47641810290114,0.000508159402067704,0.025571024366354,68.5161421512555,7.18207924052084,7.22533754133127,1.61429040860733,0.829612795574866,2.16496060330902,NA
"ENSRNOG00000008586",62.6735269879136,2.41537502665258,0.695321650017642,3.47375207803653,0.000513235016367354,0.0257462273893847,10.2045318097615,13.3381471609673,35.22352051399,189.679123011362,82.1316667619117,45.4641726694894,"Aldh1l2"
"ENSRNOG00000067060",31.4058857437374,-2.65037224594852,0.76331109200467,-3.47220454898395,0.000516202859129962,0.025814937410298,46.6492882731952,98.4970867271429,17.1601766606618,4.842871225822,8.29612795574866,12.9897636198541,"C3h15orf48"
"ENSRNOG00000002024",35.6944918303137,2.92787688390298,0.843706942047281,3.47025339959678,0.000519967562271673,0.0259229507202912,16.0356928439109,3.07803396022322,6.32217034866486,32.2858081721467,26.5476094583957,129.897636198541,"Epha5"
"ENSRNOG00000023509",808.420977216019,-1.84412347606617,0.531631638737727,-3.46879933715899,0.000522789770416276,0.0259834558816434,2376.19812141588,664.855335408215,753.241438683785,415.679780216388,277.92028651758,362.630901054261,"Irs2"
"ENSRNOG00000007811",40.610644779542,-3.57974614590566,1.03229474319049,-3.46775586092962,0.000524823857970924,0.0260045391957188,21.8668538780603,193.916139494063,9.03167192666409,3.22858081721467,9.12574075132352,6.49488180992706,"Klrb1c"
"ENSRNOG00000030981",366.885881180973,-1.60363240928048,0.462630152685103,-3.46633785103069,0.000527599861483154,0.0260621423930807,300.304793258694,698.71370897067,656.602549068479,108.157457376691,212.380875667166,225.155902744138,"Scnn1b"
"ENSRNOG00000016995",23.4894077625924,-2.32066621062822,0.669756567641484,-3.46493983448394,0.000530350114761171,0.0261181262309061,24.782434395135,65.6647244847619,27.0950157799923,9.685742451644,8.29612795574866,5.41240150827255,"Zap70"
"ENSRNOG00000000412",34.1083887057441,2.41765485730868,0.697969156764975,3.46384196762259,0.000532519256118442,0.0261452387358091,2.9155805170747,12.3121358408929,16.2570094679954,28.2500821506283,82.1316667619117,62.7838574959615,"Slc35f1"
"ENSRNOG00000038319",48.8396995271503,-2.67063373385248,0.772052031045559,-3.45913698359909,0.000541909222736809,0.0265256353783869,122.454381717137,33.8583735624554,96.6388896153058,2.421435612911,14.9330303203476,22.7320863347447,"Akr1c19"
"ENSRNOG00000005375",10.2860462951272,5.68067571869853,1.64280672555892,3.45790873041736,0.000544385775111884,0.026566354759463,0,0,0.903167192666409,4.03572602151833,48.1175421433422,8.65984241323607,"C5h8orf34"
"ENSRNOG00000058560",1092.24731219766,3.0163011969568,0.873699869770442,3.452331059348,0.000555765379665321,0.0269994428419405,43.7337077561205,294.465248861354,382.039722497891,4606.37768096102,563.307088195334,663.560424914214,"Col2a1"
"ENSRNOG00000065263",24.6030768122209,1.86947787479207,0.541575534982471,3.45192453136308,0.000556603384285654,0.0269994428419405,7.28895129268676,11.2861245208185,12.6443406973297,35.5143889893613,36.5029630052941,44.3816923678349,"Hist1h4m"
"ENSRNOG00000008587",58.5193201381393,-1.86422676937558,0.540581145537298,-3.44856047008942,0.000563583261793632,0.0272001067860318,139.947864819586,81.054894285878,55.093198752651,25.0215013334137,34.8437374141444,15.1547242231631,"Tek"
"ENSRNOG00000065970",41.0103520319451,-3.40724935225893,0.988092771506586,-3.44830915731096,0.000564107953526939,0.0272001067860318,33.5291759463591,178.525969692947,12.6443406973297,8.87859724734033,1.65922559114973,10.8248030165451,"Klrc3"
"ENSRNOG00000059140",65.3424303933406,-2.59439224499676,0.752891890142817,-3.44590276368182,0.000569155115036463,0.0273617933725714,102.045318097615,209.306309295179,25.2886813946595,28.2500821506283,17.4218687070722,9.74232271489058,"Myo1g"
"ENSRNOG00000009074",46.6357479577684,-2.04107811135195,0.592512194143261,-3.44478667532443,0.000571510241454081,0.0273934864397857,48.1070785317326,125.173381049077,51.4805299819853,19.371484903288,10.7849663424733,24.8970469380537,"AABR07017902.1"
"ENSRNOG00000010165",169.181400896595,-2.06184514908978,0.598759981258684,-3.44352530834722,0.000574182851215638,0.0274401644842787,381.941047736786,105.679165967664,331.462359708572,99.278860129351,30.69567343627,66.0312984009251,"Tnfaip2"
"ENSRNOG00000023151",74.1832809988538,3.9071929820787,1.13619321637822,3.43884554647619,0.000584200440466152,0.0277546756319111,16.0356928439109,11.2861245208185,0.903167192666409,34.7072437850577,369.177694030815,12.9897636198541,"Scgb2a1"
"ENSRNOG00000056697",246.038094036272,2.1541214387937,0.626263230694994,3.43964220349193,0.000582483688764116,0.0277546756319111,90.3829960293158,49.2485433635715,130.959242936629,507.694333507006,114.486565789331,583.456882591781,"Kcnab1"
"ENSRNOG00000028225",24.9616346181331,-4.40010778075353,1.2806164109434,-3.4359295595096,0.000590524488456927,0.0279728506218321,120.9965914586,19.4942150814137,2.70950157799923,2.421435612911,4.14806397787433,0,"Tnni3k"
"ENSRNOG00000031598",65.0228186177745,-2.82996656280477,0.826982730456808,-3.42203828276021,0.000621535617038517,0.029355745093635,88.9252057707784,229.826535696667,23.4823470093266,29.8643725592357,8.29612795574866,9.74232271489058,"Atp8b4"
"ENSRNOG00000030246",58.7946891799168,-3.90386103580392,1.14280156896176,-3.41604451886656,0.000635378586105456,0.0299220708494502,20.4090636195229,304.725362062098,5.41900315599845,8.07145204303666,3.31845118229946,10.8248030165451,"Btla"
"ENSRNOG00000020505",64.504152170508,-2.06477766600724,0.604687821143366,-3.41461758251239,0.000638716184399084,0.0299918096703442,74.3473031854049,185.708048933467,52.3836971746517,35.5143889893613,17.4218687070722,21.6496060330902,"Map4k1"
"ENSRNOG00000021155",162.772844478554,-3.17005453457122,0.928962635165486,-3.41246721296439,0.000643776707402378,0.0301418120425235,768.255466249184,28.7283169620833,82.1882145326432,33.900098580754,36.5029630052941,27.0620075413627,"Ctsk"
"ENSRNOG00000001792",23.2199301924725,3.24154859421455,0.951088830191029,3.40825009327833,0.000653809420747174,0.0303098675049029,2.9155805170747,1.02601132007441,9.03167192666409,45.2001314410053,10.7849663424733,70.3612196075431,"Slc12a8"
"ENSRNOG00000017557",26.9139250765179,-2.23811111790896,0.656384256571147,-3.40975746371571,0.000650206739887508,0.0303098675049029,48.1070785317326,58.4826452442411,27.0950157799923,12.107178064555,12.444191933623,3.24744090496353,"C9h2orf72"
"ENSRNOG00000017980",203.709376869602,-2.30133160657866,0.675311587384722,-3.4078070768651,0.000654871773615497,0.0303098675049029,99.1297375805399,719.233935372158,197.793615193944,86.3645368604923,68.8578620327139,50.8765741777619,"Itgal"
"ENSRNOG00000056562",43.6996450808261,-3.3516319982627,0.983147596846688,-3.40908324346477,0.000651815867399654,0.0303098675049029,53.938239565882,173.395913092574,11.7411735046633,12.9143232688587,9.12574075132352,1.08248030165451,"Olfml1"
"ENSRNOG00000000700",39.3721610805982,-1.7719445677026,0.520593940701018,-3.40369802483016,0.000664802052052352,0.0306150638863446,40.8181272390458,77.9768603256548,64.1248706793151,23.4072109248063,19.0810942982219,10.8248030165451,"Tmem119"
"ENSRNOG00000005277",79.8811611797035,1.66911185489427,0.490408779131871,3.40351136830983,0.000665256449211104,0.0306150638863446,23.3246441365976,31.8063509223066,58.7058675233166,138.828975140231,144.352626430027,82.2685029257427,"Ptprv"
"ENSRNOG00000019368",173.591179422249,1.80293144371115,0.530239416235448,3.40022146318631,0.000673312954420276,0.0308977958884963,56.8538200829567,108.757199927887,65.9312050646479,313.979484474126,112.827340198182,383.198026785696,"Scnn1a"
"ENSRNOG00000004405",600.20693797557,-2.96252179897804,0.871709391052271,-3.39851999919593,0.000677515092939107,0.0309149754131226,896.541009000471,1883.75678365661,411.844239855883,117.036054624032,281.238737699879,10.8248030165451,"Pigr"
"ENSRNOG00000065455",9.91874194714189,-2.91461093420029,0.857581805935363,-3.39863895668976,0.000677220510488129,0.0309149754131226,16.0356928439109,19.4942150814137,17.1601766606618,2.421435612911,3.31845118229946,1.08248030165451,NA
"ENSRNOG00000046452",34.8239874772196,-2.69641625913336,0.793660609977492,-3.39744246499752,0.000680188895103,0.0309495527397148,115.165430424451,47.1965207234226,18.9665110459946,16.1429040860733,4.9776767734492,6.49488180992706,"Fcgr2b"
"ENSRNOG00000011300",959.195718001004,1.6897261035147,0.497732688824332,3.39484655409293,0.000686670742728769,0.0311567205261175,317.798276361143,742.832195733869,300.754675157914,1634.46903871492,813.020539663368,1946.29958237481,"Lama3"
"ENSRNOG00000008965",87.7732812520076,-2.70255020443487,0.796456476821104,-3.39321768745174,0.000690767200047869,0.0312374437079859,93.2985765463905,327.297611103735,36.1266877066564,41.164405419487,15.7626431159224,12.9897636198541,"Socs2"
"ENSRNOG00000019614",25.6716746185767,-2.22260959660725,0.655133894929446,-3.39260357891666,0.00069231751671262,0.0312374437079859,33.5291759463591,63.6127018446131,29.8045173579915,14.528613677466,4.9776767734492,7.57736211158156,"Ptpn22"
"ENSRNOG00000054576",11.9429682383933,4.01336453149462,1.18383565948761,3.39013654414811,0.00069857819212849,0.0314321268452688,0,3.07803396022322,0.903167192666409,28.2500821506283,34.0141246185695,5.41240150827255,"Gsdmc"
"ENSRNOG00000050430",58.0263380792088,-1.57024642649616,0.4636310489282,-3.38684484166059,0.000707013607638283,0.0317233077893922,86.0096252537037,107.731188607813,66.8343722573143,40.3572602151833,19.0810942982219,28.1444878430172,"Vav1"
"ENSRNOG00000007713",457.963495792341,-1.75976914081028,0.519937246587632,-3.38457987451315,0.000712872744686684,0.0318536127585159,1204.13475355185,379.62418842753,538.28764682918,178.37909015111,304.467895975976,142.887399818395,"Tmcc3"
"ENSRNOG00000021128",42.107515320686,3.56959760141121,1.05487547439948,3.38390425035079,0.000714629201536099,0.0318536127585159,2.9155805170747,0,16.2570094679954,82.328810838974,19.0810942982219,132.06259680185,"Kcnj11"
"ENSRNOG00000064815",206.668374503327,-1.49400500007716,0.441563671583243,-3.38344183687112,0.000715833679894835,0.0318536127585159,465.035092473415,170.317879132351,279.981829726587,98.4717149250473,99.5535354689839,126.650195293578,NA
"ENSRNOG00000000614",307.517920141814,-2.42377573518238,0.71702607208252,-3.38031743830849,0.000724021560079915,0.0321294512636562,1164.77441657134,180.577992333095,210.437955891273,125.107506667068,111.168114607032,53.041534781071,"Bicc1"
"ENSRNOG00000027433",128.504659611299,1.6660193524176,0.492978363903707,3.37949791391457,0.000726183584802305,0.0321371053296209,43.7337077561205,46.1705094033482,93.9293880373065,202.59344628022,116.145791380481,268.455114810318,"Akr1b10"
"ENSRNOG00000019428",95.7026890003029,1.23776811617961,0.366830646140244,3.3742222172637,0.000740245847103727,0.0325809023658488,68.5161421512555,47.1965207234226,55.9963659453174,164.657621677948,125.271532131805,112.577951372069,"Higd1a"
"ENSRNOG00000022893",87.7471405824185,2.67292595839087,0.792023870581563,3.37480479777486,0.000738680659830071,0.0325809023658488,30.6135954292844,10.2601132007441,30.7076845506579,116.228909419728,309.445572749425,29.2269681446717,"Rimbp2"
"ENSRNOG00000012280",89.7292989251784,3.0383071815504,0.900976512282499,3.3722379441982,0.000745600027688396,0.0326386917269666,4.37337077561205,24.6242716817857,28.9013501653251,105.73602176378,350.926212528168,23.8145666363992,"Ptx3"
"ENSRNOG00000020300",174.493979154268,-1.98182813622885,0.587627270291095,-3.37259388123207,0.000744636960402017,0.0326386917269666,298.847003000157,412.456550669911,124.637072587964,62.1501807313823,115.316178584906,33.5568893512898,"Lsp1"
"ENSRNOG00000022711",37.8214086911357,-3.65138285333151,1.08334050509613,-3.37048493631972,0.000750360083405372,0.032758287641208,166.188089473258,30.7803396022322,13.5475078899961,6.45716163442933,9.95535354689839,0,"Slco4c1"
"ENSRNOG00000042980",233.208001367085,-2.52450824643233,0.749905565184201,-3.36643487345268,0.000761465604005628,0.033153514559307,593.320635224702,545.838022279584,53.2868643673181,92.014553290618,77.9836027840374,36.8043302562533,"Adam19"
"ENSRNOG00000009588",34.1081706448067,2.82033548722437,0.838544423076766,3.36337039470857,0.000769969807625897,0.0333440276208609,5.8311610341494,11.2861245208185,8.12850473399768,41.9715506237907,124.44191933623,12.9897636198541,"Snph"
"ENSRNOG00000031168",45.7765946467859,-1.92096641559166,0.571133299700803,-3.36342919699831,0.000769805799556574,0.0333440276208609,67.0583518927182,113.887256528259,36.1266877066564,17.7571944946807,14.9330303203476,24.8970469380537,"Arhgap15"
"ENSRNOG00000047782",14.0447290630164,-2.88384728768292,0.857993550240898,-3.36115264138434,0.000776179177663725,0.0335230541625726,16.0356928439109,38.9884301628274,18.9665110459946,4.03572602151833,0.829612795574866,5.41240150827255,"Apol7bl1"
"ENSRNOG00000052498",167.959123286842,2.02133367857266,0.601643565958228,3.3596863540846,0.000780310050840258,0.0336115953365938,17.4934831024482,58.4826452442411,121.927571009965,261.515046194388,243.076549103436,305.259445066572,"Grb14"
"ENSRNOG00000023449",35.4199335053815,3.72796167837049,1.10987516316722,3.35890179552456,0.000782528707237814,0.0336175165106713,11.6623220682988,2.05202264014881,1.80633438533282,52.4644382797383,140.204562452152,4.32992120661804,"Atg9b"
"ENSRNOG00000018627",322.225319671513,-1.25893956494736,0.375184934942125,-3.35551736676624,0.000792166825395708,0.0338459357737812,268.233407570873,544.812010959509,550.028820333843,193.71484903288,195.788619755668,180.774210376303,"Plekhb1"
"ENSRNOG00000026110",7.95722504578826,-4.12991370182944,1.23102615184443,-3.35485456230289,0.000794067202659634,0.0338459357737812,14.5779025853735,15.3901698011161,15.353842275329,2.421435612911,0,0,"Scml4"
"ENSRNOG00000038001",965.75870481321,2.53094434823335,0.75441759320091,3.35483208642422,0.000794131719077761,0.0338459357737812,204.090636195229,340.635758264703,309.786347084578,816.83094675531,3821.19653641783,302.012004161608,"Slc25a1"
"ENSRNOG00000063437",514.014748536076,1.19578020935799,0.356727665741742,3.35208150136496,0.000802064031201113,0.0340940534105041,383.398837995323,264.710920579197,289.916668845917,510.115769119917,950.736263728796,685.210030947304,"LOC102551819"
"ENSRNOG00000000815",112.893822786158,-1.80961214124822,0.541203875541466,-3.34367919933635,0.000826752795516007,0.0350512805930973,297.38921274162,122.095347088854,107.476895927303,42.7786958280943,34.0141246185695,73.6086605125066,NA
"ENSRNOG00000006859",325.701108609126,1.5031810822679,0.44982070505689,3.34173386277936,0.000832568471649571,0.0351852121600299,186.597153092781,111.83523388811,211.34112308394,337.386695398933,743.33306483508,363.713381355915,"Insig1"
"ENSRNOG00000029662",215.705930154883,-2.26057176087638,0.676653036943855,-3.34081373681021,0.000835332431243125,0.0351852121600299,211.379587487916,743.858207053944,115.6054006613,110.578892989602,48.9471549389171,63.866337797616,"Wdfy4"
"ENSRNOG00000045658",79.9674677006435,1.49006087918079,0.446066762792604,3.34044363640153,0.000836446571500741,0.0351852121600299,53.938239565882,34.8843848825298,37.9330220919892,167.079057290859,103.701599446858,82.2685029257427,NA
"ENSRNOG00000014518",22.1783800640709,4.55339722346613,1.36488995741646,3.33609108831387,0.00084965320027244,0.0355555651398982,1.45779025853735,3.07803396022322,0.903167192666409,13.7214684731623,112.827340198182,1.08248030165451,"Adam28"
"ENSRNOG00000020578",935.300819269461,-1.86948933374514,0.560377371316278,-3.33612567073127,0.000849547511385227,0.0355555651398982,2835.40205285515,811.574954178855,759.56360903245,314.78662967843,537.589091532513,352.88857833937,"Ceacam1"
"ENSRNOG00000020129",186.747622431272,1.91475253579731,0.574189062222147,3.33470743658386,0.000853891858652568,0.0356406077333719,26.2402246536723,121.06933576878,86.7040504959753,416.486925420692,287.046027268904,182.939170979612,"Cdh3"
"ENSRNOG00000013994",211.868731983778,1.83472726574032,0.551878408192207,3.32451358579211,0.000885729178888375,0.0368741840891338,34.9869662048964,131.329448969524,111.089564697968,254.250739355655,503.574966913944,235.980705760683,"Enpp1"
"ENSRNOG00000033693",43.2795053401641,-2.21175927408156,0.66552630277767,-3.32332360847417,0.000889516584863276,0.0369366616845668,36.4447564634338,133.381471609673,43.3520252479876,10.4928876559477,13.2738047291979,22.7320863347447,"Naip6"
"ENSRNOG00000017198",18.6162942729339,-2.8631476788612,0.861932085589858,-3.32177874188524,0.000894455913039539,0.0370465291367376,11.6623220682988,37.962418842753,48.7710284039861,8.07145204303666,4.14806397787433,1.08248030165451,"Hif3a"
"ENSRNOG00000016581",276.288085339914,1.38486143712174,0.417365470982892,3.31810255855715,0.000906312003329388,0.0374415800250118,86.0096252537037,232.90456965689,139.087747670627,391.465424087278,388.258788329037,420.00235704195,"Serpinb1a"
"ENSRNOG00000058714",15.7998131394669,-5.77458592783237,1.74122207503079,-3.31639829901092,0.000911857691203136,0.0375745849132762,1.45779025853735,87.2109622063245,4.51583596333205,1.61429040860733,0,0,"Klre1"
"ENSRNOG00000037190",25.3873166678367,-2.45938629575248,0.743335488045018,-3.30858183862673,0.00093769774862804,0.0385410476681647,36.4447564634338,69.7687697650596,22.5791798166602,11.3000328602513,2.4888383867246,9.74232271489058,"Cd101"
"ENSRNOG00000013062",243.948525209994,3.21807770898885,0.973718971832817,3.30493479338449,0.000949984990390978,0.0389469734766129,39.3603369805085,57.4566339241667,45.1583596333205,97.6645697207436,1190.49436164993,33.5568893512898,"Cyp24a1"
"ENSRNOG00000003189",1397.21700207763,2.85289796513993,0.863861650835777,3.30249405374087,0.000958291196979169,0.0391880448222899,78.720673961017,101.575120687366,838.139154794428,2398.02840198619,765.732610315601,4201.10605072115,"Cited1"
"ENSRNOG00000005770",60.4138160022331,2.26479359178297,0.685964011429151,3.30162159245709,0.000961276598668601,0.0392108608542776,4.37337077561205,42.0664641230506,15.353842275329,95.2431341078326,128.589983314104,76.8561014174702,"Sostdc1"
"ENSRNOG00000034102",72.5884025053124,1.73937360363103,0.527131857230143,3.29969357718334,0.000967904487527063,0.0393817662141679,17.4934831024482,28.7283169620833,53.2868643673181,130.757523097194,132.738047291979,72.5261802108521,"Plk5"
"ENSRNOG00000042771",61.7213712578191,-1.61137984690302,0.488709899248338,-3.29721139142344,0.000976499753589683,0.039631659597322,78.720673961017,94.3930414468453,105.67056154197,41.9715506237907,14.9330303203476,34.6393696529443,"Apol3l1"
"ENSRNOG00000064855",74.4049583964281,1.60946337678746,0.489049969381709,3.29099985186024,0.000998319658489605,0.0404156828159965,34.9869662048964,36.9364075226786,37.9330220919892,86.3645368604923,70.5170876238636,179.691730074649,NA
"ENSRNOG00000038761",329.029016614471,1.90356264286005,0.578644320863507,3.28969381401579,0.00100296456614677,0.040502216592422,132.658913526899,113.887256528259,169.795432221285,316.400920087037,1016.27567457921,225.155902744138,"Hacd2"
"ENSRNOG00000062369",48.797451223813,-1.73291417140524,0.527160532639407,-3.28726083253772,0.00101167082560591,0.0407519173217262,68.5161421512555,115.939279168408,40.6425236699884,24.21435612911,20.7403198893716,22.7320863347447,""
"ENSRNOG00000003694",125.368868975941,-2.50407005044681,0.761935265351083,-3.28646036522931,0.00101455050309083,0.0407662544189705,72.8895129268676,492.485433635715,74.0597097986455,24.21435612911,53.9248317123663,34.6393696529443,"Prox1"
"ENSRNOG00000020812",447.731637500009,1.31757674401491,0.401388357450451,3.28254848342868,0.00102873293554714,0.04123355609899,228.873070590364,288.309180940908,251.983646753928,975.031406798829,513.530320460842,428.662199455186,"Gys1"
"ENSRNOG00000001216",60.7089995808939,-2.27991126299544,0.69577495949748,-3.27679407238526,0.00104992914232888,0.0419278422771957,62.6849811171061,169.291867812277,70.4470410279799,38.742969806576,16.5922559114973,6.49488180992706,"Trpm2"
"ENSRNOG00000068914",1037.9247007057,-1.01650962778725,0.310248192084984,-3.27644013315896,0.00105124596807183,0.0419278422771957,1462.16362931296,1337.91876137702,1368.29829688961,773.245105722912,806.383637298769,479.538773632948,"Nrep"
"ENSRNOG00000046050",122.721260594774,-1.51735248432792,0.463368687631071,-3.27461161021743,0.001058073333875,0.0420962033548839,224.499699814752,231.878558336816,89.4135520739745,61.3430355270786,55.584057303516,73.6086605125066,"Dennd1c"
"ENSRNOG00000012181",1367.52400340621,-1.72304913245041,0.526669094680236,-3.2715971942431,0.00106941822469604,0.042443028460725,2746.47684708437,2258.25091548377,1293.3354198983,351.915309076399,1134.08069155084,421.084837343604,"Lpl"
"ENSRNOG00000016926",175.257718085308,-2.39670878131915,0.73431371694857,-3.26387581492913,0.00109899324368811,0.0435098967286619,454.830560663654,55.4046112840179,373.911217763893,87.171682064796,56.4136700990909,23.8145666363992,NA
"ENSRNOG00000012266",542.377128030529,-2.08245324644077,0.638360525190076,-3.26218988215273,0.00110555063180462,0.0436275480624514,1873.2604822205,454.523014792962,305.270511121246,178.37909015111,244.735774694585,198.093895202775,"Zcchc17"
"ENSRNOG00000014918",15.204394767481,-5.59992871022938,1.71700717359792,-3.26144747461652,0.00110844966313147,0.0436275480624514,17.4934831024482,71.8207924052084,0,0,0.829612795574866,1.08248030165451,"Klrg1"
"ENSRNOG00000021097",135.495778788295,1.71967890625068,0.527480899047008,3.26017285053847,0.00111344334963189,0.0436275480624514,26.2402246536723,61.5606792044643,100.251558385971,150.936153204786,195.788619755668,278.197437525209,"Hpn"
"ENSRNOG00000032246",198.010744184089,2.2676653437943,0.695535507808217,3.26031571118519,0.00111288262092185,0.0436275480624514,37.9025467219711,63.6127018446131,102.057892771304,214.700624344775,95.4054714911096,674.385227930759,"Acsm3"
"ENSRNOG00000066355",157.619466621554,-2.24793882748337,0.689624301412633,-3.25965721172916,0.00111546940814662,0.0436275480624514,432.963706785593,267.78895453942,80.3818801473104,62.1501807313823,19.0810942982219,83.3509832273972,""
"ENSRNOG00000031930",68.4213201295125,-2.11223022254009,0.648155487674926,-3.25883258370166,0.00111871663928976,0.0436488644310327,99.1297375805399,192.890128173988,41.5456908626548,39.5501150108797,15.7626431159224,21.6496060330902,"Bin2"
"ENSRNOG00000064715",16.5656799163735,-2.72509371621655,0.83665895941011,-3.25711412704871,0.00112551170358974,0.0438081699953856,33.5291759463591,43.092475443125,9.9348391193305,4.03572602151833,6.63690236459893,2.16496060330902,NA
"ENSRNOG00000010045",22.7177739466574,-2.09574757972609,0.644120334838467,-3.25365846468994,0.00113929162941979,0.0441318409832561,42.2759174975832,47.1965207234226,20.7728454313274,7.264306838733,5.80728956902406,12.9897636198541,"Clec4a"
"ENSRNOG00000057410",11.4106687832359,-5.18463464230248,1.59338035959923,-3.2538587607585,0.00113848868298755,0.0441318409832561,7.28895129268676,57.4566339241667,1.80633438533282,0,0.829612795574866,1.08248030165451,"Klrb1"
"ENSRNOG00000023427",25.9421833188405,2.97542418309293,0.915306372106863,3.25074125316539,0.00115104562889596,0.0443743199130226,4.37337077561205,2.05202264014881,10.8380063119969,62.1501807313823,9.12574075132352,67.1137787025796,"Ano7"
"ENSRNOG00000052405",49.2317112393655,3.40917061067749,1.04851922862452,3.25141448779127,0.00114832313301222,0.0443743199130226,8.74674155122411,3.07803396022322,13.5475078899961,40.3572602151833,223.165842009639,6.49488180992706,"Cdh4"
"ENSRNOG00000008005",201.544226604966,-1.78524939153789,0.54957503035668,-3.24841794646173,0.00116048674082981,0.0445031873189255,253.655504985499,543.785999639435,139.990914863293,125.107506667068,65.5394108504144,81.1860226240882,"Akna"
"ENSRNOG00000028043",12.0372971740475,5.10477083937715,1.57133114228302,3.24869195423717,0.00115936955761795,0.0445031873189255,0,0,1.80633438533282,42.7786958280943,1.65922559114973,25.9795272397082,"Cxcl3"
"ENSRNOG00000063044",45.8836530483747,2.32561155956106,0.716038287240801,3.24788716050733,0.00116265368962958,0.0445031873189255,16.0356928439109,6.15606792044643,23.4823470093266,116.228909419728,25.7179966628208,87.6809044340152,"LOC103690425"
"ENSRNOG00000011478",37.1308945779544,-2.53999210948071,0.782260484081065,-3.24699017931921,0.00116632414193989,0.0445381415242437,72.8895129268676,12.3121358408929,104.767394349303,12.107178064555,6.63690236459893,14.0722439215086,"Ackr4"
"ENSRNOG00000013886",148.045318570917,-1.81665255189286,0.560264405234766,-3.24249146459989,0.00118489497432361,0.0450991142344157,170.56146024887,407.326494069539,113.799066275968,79.907375226063,39.8214141875936,76.8561014174702,"Fyb1"
"ENSRNOG00000015773",59.6290866204785,-1.55531512852833,0.479727250933218,-3.2420820904019,0.00118659837489176,0.0450991142344157,97.6719473220025,119.017313128631,50.5773627893189,36.321534193665,28.2068350495454,25.9795272397082,"Il21r"
"ENSRNOG00000031004",68.6547146610288,-1.2580657273177,0.388275302920587,-3.24013842202839,0.00119471686896285,0.0453010835313542,94.7563668049278,82.0809056059524,113.799066275968,37.1286793979687,50.6063805300668,33.5568893512898,"Cyp2j4"
"ENSRNOG00000011101",49.8990927409149,2.1339403060034,0.659660614564705,3.23490634257669,0.00121682638161949,0.0460313736353622,17.4934831024482,6.15606792044643,31.6108517433243,105.73602176378,43.139865369893,95.2582665455968,"Twist1"
"ENSRNOG00000046468",25.4452233397865,-3.80964491897193,1.17837548761759,-3.23296348150807,0.00122513222734001,0.0461295125133406,7.28895129268676,127.225403689226,8.12850473399768,6.45716163442933,2.4888383867246,1.08248030165451,"Ptgfr"
"ENSRNOG00000056135",481.120813473006,-2.55344079833523,0.789686568871221,-3.23348642232211,0.00122289148939436,0.0461295125133406,1889.29617506441,131.329448969524,446.164593177206,85.5573916561886,209.892037280441,124.485234690269,"Tsc22d3"
"ENSRNOG00000021323",123.863747702659,2.46366222849968,0.763451284573174,3.22700646168544,0.00125092635204499,0.0468821655790784,24.782434395135,33.8583735624554,55.093198752651,191.293413419969,405.680657036109,32.4744090496353,"Car13"
"ENSRNOG00000064875",194.709234383263,-1.55053490913656,0.480427626515017,-3.22740580175211,0.0012491816350658,0.0468821655790784,177.850411541557,258.55485265875,434.423419672543,75.064504000241,147.671077612326,74.6911408141611,""
"ENSRNOG00000019057",34.18282518145,-2.5304296630823,0.784940239819801,-3.22372269214178,0.001265358696604,0.047313284782973,39.3603369805085,119.017313128631,16.2570094679954,7.264306838733,9.12574075132352,14.0722439215086,"Prkcq"
"ENSRNOG00000005214",56.5100902139805,-2.05209592146739,0.637522014598664,-3.21886283842172,0.00128700030881721,0.0479780910854193,91.8407862878531,150.823664050938,30.7076845506579,29.8643725592357,17.4218687070722,18.4021651281267,"Plek"
"ENSRNOG00000009826",365.28183800828,4.76309956789833,1.48025567293935,3.21775464534463,0.00129198284809672,0.0479780910854193,13.1201123268362,18.4682037613393,46.0615268259869,37.1286793979687,121.953080949505,1954.95942478804,"Bche"
"ENSRNOG00000018414",266.332890320959,-1.15495602797016,0.35900742069591,-3.21708121166787,0.00129501935945291,0.0479780910854193,352.785242566039,495.563467595938,254.693148331927,183.221961376932,163.433720728249,148.299801326668,"Csf1r"
"ENSRNOG00000063244",593.76570777849,-1.63330386346461,0.507637160434924,-3.21746316220282,0.00129329633757967,0.0479780910854193,422.759174975832,1619.04586307741,652.086713105147,305.90803243109,273.772222539706,289.022240541754,"Mpeg1"
"ENSRNOG00000068694",51.2132040375606,-1.49025396877917,0.463388174668663,-3.21599481869547,0.00129993179075847,0.0480498815014224,104.960898614689,63.6127018446131,58.7058675233166,31.478662967843,29.0364478451203,19.4846454297812,NA
"ENSRNOG00000070694",17.6295165637989,-2.18823316226258,0.680585953905144,-3.21521939985197,0.00130344857733177,0.0480698741315983,21.8668538780603,37.962418842753,27.0950157799923,5.65001643012566,9.95535354689839,3.24744090496353,NA
"ENSRNOG00000002032",343.178256933519,-0.833922487657879,0.259768771239032,-3.21024919077177,0.00132619947499957,0.0487974945778317,472.324043766102,417.586607270283,429.004416516544,225.193512000723,238.928485125561,276.0324769219,"Ifngr2"
"ENSRNOG00000055196",19.3620309722748,-3.90934764628361,1.21811276042602,-3.20934791366635,0.00133036406717103,0.0488394790386675,5.8311610341494,98.4970867271429,4.51583596333205,2.421435612911,1.65922559114973,3.24744090496353,"Klrc1"
"ENSRNOG00000007894",802.56347529101,2.21226702506058,0.689517699468987,3.20842674055255,0.00133463306038635,0.0488850971075298,138.490074561048,211.358331935327,503.967293507856,1005.70292456237,399.04375467151,2556.81847250795,"Mpdz"
"ENSRNOG00000023549",18.2130757694743,-4.83348691433005,1.50702883755453,-3.20729556985347,0.00133989253395344,0.0489667061107465,0,96.4450640869941,9.03167192666409,0.807145204303666,0.829612795574866,2.16496060330902,"Samd5"
"ENSRNOG00000023320",71.8561326196685,1.7878257193149,0.557718202707215,3.20560761803476,0.00134777637295656,0.0491436382671948,24.782434395135,30.7803396022322,40.6425236699884,87.171682064796,57.2432828946657,190.516533091194,"Tspan1"
"ENSRNOG00000024000",16.0307287931738,-2.39115049185692,0.746396958164111,-3.20359088512144,0.00135725193576026,0.0493776813476023,16.0356928439109,36.9364075226786,27.9981829726587,8.07145204303666,4.9776767734492,2.16496060330902,"Cd22"
"ENSRNOG00000004810",578.377941454003,1.31017316195646,0.409182515806499,3.20192850707247,0.00136510873493406,0.0494447955528547,258.028875761111,513.005660037203,225.791798166602,698.987746926975,783.984091818248,990.469476013876,"Plcb1"
"ENSRNOG00000007437",96.4413081097022,-1.55375806852903,0.485260471156309,-3.20190528774503,0.00136521877153304,0.0494447955528547,148.69460637081,205.202264014881,77.6723785693112,55.693019096953,34.0141246185695,57.371455987689,"Irf5"
